post_title,post_content,post_excerpt,post_date,post_status,post_name,taxonomies,_thumbnail_id,post_type,wpt_itineraries_select_downloads,wp_travel_show_highest_price,wp_travel_fixed_departure,wp_travel_enable_pax_all_pricing,wp_travel_tabs,wp_travel_trip_itinerary_data,wp_travel_faq_question,wp_travel_faq_answer,wptravel_trip_faqs,wp_travel_trip_duration,wp_travel_trip_duration_night,wp_travel_trip_duration_start_date,wp_travel_trip_duration_end_date,wp_travel_trip_duration_formating,wp_travel_trip_facts,wp_travel_overview,wp_travel_video_code,wp_travel_outline,wp_travel_trip_include,wp_travel_trip_exclude,wp_travel_use_global_trip_enquiry_option,wp_travel_group_size,wp_travel_group_min_size,wp_travel_minimum_partial_payout_use_global,wp_travel_minimum_partial_payout_percent,wp_travel_itinerary_gallery_ids,wp_travel_location,wp_travel_lat,wp_travel_lng,wp_travel_trip_map_use_lat_lng,wp_travel_trip_price,wptravel_enable_sale,wp_travel_booking_count,trip_date,trip_dates,send_booking_maile_attached_itinerary_pdf,wp_travel_downloads,itinerary_downloads,cuttOffTime,selected_guides,wp_travel_pricing_option_type,wp_travel_custom_booking_type,wp_travel_custom_booking_form,wp_travel_custom_booking_link,wp_travel_custom_booking_link_open_in_new_tab,enable_trip_inventory,status_column_enable,wp_travel_inventory_pax_limit_type,wp_travel_inventory_sold_out_action,wp_travel_inventory_custom_max_pax,wp_travel_inventory_size,wp_travel_inventory_sold_out_message,wp_travel_inventory_status_message_format,inventory_counts_paid_only,wp_travel_trip_checkout_page_info,wp_travel_trip_checkout_page_info_label,wp_travel_utils_use_global_faq_for_trip,wp_travel_utils_use_trip_faq_for_trip,wp_travel_itinerary_custom_tab_cnt_,wp_travel_trip_code,wp_travel_advanced_gallery,pricing_v4,dates_v4
Korea- A city to explore( day and night),,,2023/11/20 08:59:06,publish,korea-a-city-to-explore-day-and-night,"a:5:{s:26:""itinerary_pricing_category"";b:0;s:15:""itinerary_types"";a:2:{i:0;O:7:""WP_Term"":10:{s:7:""term_id"";i:4;s:4:""name"";s:20:""Historical Monuments"";s:4:""slug"";s:20:""historical-monuments"";s:10:""term_group"";i:0;s:16:""term_taxonomy_id"";i:4;s:8:""taxonomy"";s:15:""itinerary_types"";s:11:""description"";s:0:"""";s:6:""parent"";i:0;s:5:""count"";i:5;s:6:""filter"";s:3:""raw"";}i:1;O:7:""WP_Term"":10:{s:7:""term_id"";i:6;s:4:""name"";s:10:""Refreshing"";s:4:""slug"";s:10:""refreshing"";s:10:""term_group"";i:0;s:16:""term_taxonomy_id"";i:6;s:8:""taxonomy"";s:15:""itinerary_types"";s:11:""description"";s:0:"""";s:6:""parent"";i:0;s:5:""count"";i:7;s:6:""filter"";s:3:""raw"";}}s:16:""travel_locations"";a:1:{i:0;O:7:""WP_Term"":10:{s:7:""term_id"";i:7;s:4:""name"";s:4:""Asia"";s:4:""slug"";s:4:""asia"";s:10:""term_group"";i:0;s:16:""term_taxonomy_id"";i:7;s:8:""taxonomy"";s:16:""travel_locations"";s:11:""description"";s:0:"""";s:6:""parent"";i:0;s:5:""count"";i:5;s:6:""filter"";s:3:""raw"";}}s:15:""travel_keywords"";a:2:{i:0;O:7:""WP_Term"":10:{s:7:""term_id"";i:14;s:4:""name"";s:8:""Mountain"";s:4:""slug"";s:8:""mountain"";s:10:""term_group"";i:0;s:16:""term_taxonomy_id"";i:14;s:8:""taxonomy"";s:15:""travel_keywords"";s:11:""description"";s:0:"""";s:6:""parent"";i:0;s:5:""count"";i:1;s:6:""filter"";s:3:""raw"";}i:1;O:7:""WP_Term"":10:{s:7:""term_id"";i:15;s:4:""name"";s:6:""Nature"";s:4:""slug"";s:6:""nature"";s:10:""term_group"";i:0;s:16:""term_taxonomy_id"";i:15;s:8:""taxonomy"";s:15:""travel_keywords"";s:11:""description"";s:0:"""";s:6:""parent"";i:0;s:5:""count"";i:4;s:6:""filter"";s:3:""raw"";}}s:8:""activity"";a:3:{i:0;O:7:""WP_Term"":10:{s:7:""term_id"";i:13;s:4:""name"";s:9:""Bike Ride"";s:4:""slug"";s:9:""bike-ride"";s:10:""term_group"";i:0;s:16:""term_taxonomy_id"";i:13;s:8:""taxonomy"";s:8:""activity"";s:11:""description"";s:0:"""";s:6:""parent"";i:0;s:5:""count"";i:5;s:6:""filter"";s:3:""raw"";}i:1;O:7:""WP_Term"":10:{s:7:""term_id"";i:11;s:4:""name"";s:9:""City Tour"";s:4:""slug"";s:9:""city-ride"";s:10:""term_group"";i:0;s:16:""term_taxonomy_id"";i:11;s:8:""taxonomy"";s:8:""activity"";s:11:""description"";s:0:"""";s:6:""parent"";i:0;s:5:""count"";i:7;s:6:""filter"";s:3:""raw"";}i:2;O:7:""WP_Term"":10:{s:7:""term_id"";i:12;s:4:""name"";s:9:""Fireworks"";s:4:""slug"";s:9:""fireworks"";s:10:""term_group"";i:0;s:16:""term_taxonomy_id"";i:12;s:8:""taxonomy"";s:8:""activity"";s:11:""description"";s:0:"""";s:6:""parent"";i:0;s:5:""count"";i:5;s:6:""filter"";s:3:""raw"";}}}",http://wpdemo.wensolutions.com/initial-site/wp-content/uploads/sites/25/2023/11/gyeongbok-palace-5771324_640-1.jpg,itineraries,,,no,,"a:8:{s:8:""overview"";a:2:{s:5:""label"";s:8:""Overview"";s:12:""show_in_menu"";b:1;}s:12:""trip_outline"";a:2:{s:5:""label"";s:12:""Trip Outline"";s:12:""show_in_menu"";b:1;}s:13:""trip_includes"";a:2:{s:5:""label"";s:13:""Trip Includes"";s:12:""show_in_menu"";b:1;}s:13:""trip_excludes"";a:2:{s:5:""label"";s:13:""Trip Excludes"";s:12:""show_in_menu"";b:1;}s:7:""gallery"";a:2:{s:5:""label"";s:7:""Gallery"";s:12:""show_in_menu"";b:1;}s:7:""reviews"";a:2:{s:5:""label"";s:7:""Reviews"";s:12:""show_in_menu"";b:1;}s:7:""booking"";a:2:{s:5:""label"";s:7:""Booking"";s:12:""show_in_menu"";b:1;}s:3:""faq"";a:2:{s:5:""label"";s:3:""FAQ"";s:12:""show_in_menu"";b:1;}}","a:3:{i:0;a:5:{s:5:""label"";s:5:""Day 1"";s:5:""title"";s:9:""City Tour"";s:4:""date"";s:10:""2024-04-09"";s:4:""time"";s:0:"""";s:4:""desc"";s:445:""Lorem ipsum dolor sit amet, consectetur adipiscing elit, sed do eiusmod tempor incididunt ut labore et dolore magna aliqua. Ut enim ad minim veniam, quis nostrud exercitation ullamco laboris nisi ut aliquip ex ea commodo consequat. Duis aute irure dolor in reprehenderit in voluptate velit esse cillum dolore eu fugiat nulla pariatur. Excepteur sint occaecat cupidatat non proident, sunt in culpa qui officia deserunt mollit anim id est laborum."";}i:1;a:5:{s:5:""label"";s:5:""Day 2"";s:5:""title"";s:21:""Historical Site Visit"";s:4:""date"";s:10:""2024-04-10"";s:4:""time"";s:0:"""";s:4:""desc"";s:445:""Lorem ipsum dolor sit amet, consectetur adipiscing elit, sed do eiusmod tempor incididunt ut labore et dolore magna aliqua. Ut enim ad minim veniam, quis nostrud exercitation ullamco laboris nisi ut aliquip ex ea commodo consequat. Duis aute irure dolor in reprehenderit in voluptate velit esse cillum dolore eu fugiat nulla pariatur. Excepteur sint occaecat cupidatat non proident, sunt in culpa qui officia deserunt mollit anim id est laborum."";}i:2;a:5:{s:5:""label"";s:5:""Day 3"";s:5:""title"";s:10:""Fireworks "";s:4:""date"";s:10:""2024-04-11"";s:4:""time"";s:0:"""";s:4:""desc"";s:445:""Lorem ipsum dolor sit amet, consectetur adipiscing elit, sed do eiusmod tempor incididunt ut labore et dolore magna aliqua. Ut enim ad minim veniam, quis nostrud exercitation ullamco laboris nisi ut aliquip ex ea commodo consequat. Duis aute irure dolor in reprehenderit in voluptate velit esse cillum dolore eu fugiat nulla pariatur. Excepteur sint occaecat cupidatat non proident, sunt in culpa qui officia deserunt mollit anim id est laborum."";}}","a:3:{i:0;s:27:""Is korea a beautiful place?"";i:1;s:19:""Why do people come?"";i:2;s:34:""Is Korea a safe country to travel?"";}","a:3:{i:0;s:34:""Yes it's indeed a beautiful place."";i:1;s:10:""To travel."";i:2;s:17:""Yes , it is safe."";}","a:3:{i:0;a:4:{s:8:""question"";s:27:""Is korea a beautiful place?"";s:6:""answer"";s:34:""Yes it's indeed a beautiful place."";s:6:""global"";s:2:""no"";s:13:""global_faq_id"";s:0:"""";}i:1;a:4:{s:8:""question"";s:19:""Why do people come?"";s:6:""answer"";s:10:""To travel."";s:6:""global"";s:2:""no"";s:13:""global_faq_id"";s:0:"""";}i:2;a:4:{s:8:""question"";s:34:""Is Korea a safe country to travel?"";s:6:""answer"";s:17:""Yes , it is safe."";s:6:""global"";s:2:""no"";s:13:""global_faq_id"";s:0:"""";}}",5,4,,,"a:2:{s:4:""days"";s:1:""5"";s:6:""nights"";s:1:""4"";}","a:2:{i:0;a:5:{s:5:""label"";s:14:""Transportation"";s:5:""value"";s:3:""Bus"";s:7:""fact_id"";s:1:""0"";s:4:""icon"";s:41:""<i class="""" aria-hidden=""true""></i>
				"";s:4:""type"";s:4:""text"";}i:1;a:5:{s:5:""label"";s:5:""Guide"";s:5:""value"";s:3:""Yes"";s:7:""fact_id"";s:1:""1"";s:4:""icon"";s:41:""<i class="""" aria-hidden=""true""></i>
				"";s:4:""type"";s:4:""text"";}}","<p><strong>South Korea</strong>, <a class=""md-crosslink autoxref"" href=""https://www.britannica.com/topic/nation-state"" data-show-preview=""true"">country</a> in East <a class=""md-crosslink"" href=""https://www.britannica.com/place/Asia"" data-show-preview=""true"">Asia</a>. It occupies the southern portion of the Korean peninsula. The country is bordered by the Democratic People’s Republic of Korea (<a class=""md-crosslink"" href=""https://www.britannica.com/place/North-Korea"" data-show-preview=""true"">North Korea</a>) to the north, the East Sea (<a class=""md-crosslink"" href=""https://www.britannica.com/place/Sea-of-Japan"" data-show-preview=""true"">Sea of Japan</a>) to the east, the <a class=""md-crosslink"" href=""https://www.britannica.com/place/East-China-Sea"" data-show-preview=""true"">East China Sea</a> to the south, and the <a class=""md-crosslink"" href=""https://www.britannica.com/place/Yellow-Sea"" data-show-preview=""true"">Yellow Sea</a> to the west; to the southeast it is separated from the Japanese island of <a class=""md-crosslink"" href=""https://www.britannica.com/place/Tsushima"" data-show-preview=""true"">Tsushima</a> by the <a class=""md-crosslink"" href=""https://www.britannica.com/place/Korea-Strait"" data-show-preview=""true"">Korea Strait</a>. South Korea makes up about 45 percent of the peninsula’s land area. The capital is <a class=""md-crosslink"" href=""https://www.britannica.com/place/Seoul"" data-show-preview=""true"">Seoul</a> (Sŏul).</p>",,"<p><strong>South Korea</strong>, <a class=""md-crosslink autoxref"" href=""https://www.britannica.com/topic/nation-state"" data-show-preview=""true"">country</a> in East <a class=""md-crosslink"" href=""https://www.britannica.com/place/Asia"" data-show-preview=""true"">Asia</a>. It occupies the southern portion of the Korean peninsula. The country is bordered by the Democratic People’s Republic of Korea (<a class=""md-crosslink"" href=""https://www.britannica.com/place/North-Korea"" data-show-preview=""true"">North Korea</a>) to the north, the East Sea (<a class=""md-crosslink"" href=""https://www.britannica.com/place/Sea-of-Japan"" data-show-preview=""true"">Sea of Japan</a>) to the east, the <a class=""md-crosslink"" href=""https://www.britannica.com/place/East-China-Sea"" data-show-preview=""true"">East China Sea</a> to the south, and the <a class=""md-crosslink"" href=""https://www.britannica.com/place/Yellow-Sea"" data-show-preview=""true"">Yellow Sea</a> to the west; to the southeast it is separated from the Japanese island of <a class=""md-crosslink"" href=""https://www.britannica.com/place/Tsushima"" data-show-preview=""true"">Tsushima</a> by the <a class=""md-crosslink"" href=""https://www.britannica.com/place/Korea-Strait"" data-show-preview=""true"">Korea Strait</a>. South Korea makes up about 45 percent of the peninsula’s land area. The capital is <a class=""md-crosslink"" href=""https://www.britannica.com/place/Seoul"" data-show-preview=""true"">Seoul</a> (Sŏul).</p>","<ul>
<li>Pellentesque in ipsum id orci porta dapibus.</li>
<li>Vestibulum ac diam sit</li>
<li>amet quam vehicula elementum</li>
<li>sed sit amet dui. Mauris blandit</li>
<li>aliquet elit, eget tincidunt nibh pulvinar a.   </li>
</ul>","<ul>
<li>Pellentesque in ipsum id orci porta dapibus.</li>
<li>Vestibulum ac diam sit</li>
<li>amet quam vehicula elementum</li>
<li>sed sit amet dui. Mauris blandit</li>
<li>aliquet elit, eget tincidunt nibh pulvinar a.               </li>
</ul>",yes,55,2,,"a:1:{i:0;s:2:""10"";}","a:2:{i:0;s:114:""http://wpdemo.wensolutions.com/initial-site/wp-content/uploads/sites/25/2023/11/gyeongbok-palace-5771324_640-1.jpg"";i:1;s:107:""http://wpdemo.wensolutions.com/initial-site/wp-content/uploads/sites/25/2023/11/business-5475283_1280-1.jpg"";}","Seoul, korea",,,no,4000,1,0,,a:0:{},,,,,,,,,,,,,,,,,,,,,,,,,,,"a:1:{i:0;a:8:{s:2:""id"";i:12;s:5:""title"";s:7:""Price 1"";s:7:""max_pax"";i:55;s:7:""min_pax"";i:2;s:15:""has_group_price"";b:0;s:12:""group_prices"";a:0:{}s:10:""categories"";a:1:{i:0;a:9:{s:2:""id"";i:2;s:9:""price_per"";s:6:""person"";s:13:""regular_price"";s:4:""5000"";s:7:""is_sale"";b:1;s:10:""sale_price"";s:4:""4000"";s:15:""has_group_price"";b:0;s:12:""group_prices"";a:0:{}s:11:""default_pax"";s:1:""0"";s:9:""term_info"";a:3:{s:2:""id"";i:2;s:5:""title"";s:5:""Adult"";s:8:""pax_size"";i:1;}}}s:11:""trip_extras"";a:0:{}}}",a:0:{}
Explore the Beauty of Switzerland(multiple prices fixed departure),,,2023/11/20 08:44:49,publish,explore-the-beauty-of-switzerland,"a:5:{s:26:""itinerary_pricing_category"";b:0;s:15:""itinerary_types"";a:3:{i:0;O:7:""WP_Term"":10:{s:7:""term_id"";i:4;s:4:""name"";s:20:""Historical Monuments"";s:4:""slug"";s:20:""historical-monuments"";s:10:""term_group"";i:0;s:16:""term_taxonomy_id"";i:4;s:8:""taxonomy"";s:15:""itinerary_types"";s:11:""description"";s:0:"""";s:6:""parent"";i:0;s:5:""count"";i:5;s:6:""filter"";s:3:""raw"";}i:1;O:7:""WP_Term"":10:{s:7:""term_id"";i:5;s:4:""name"";s:11:""Luxury Life"";s:4:""slug"";s:11:""luxury-life"";s:10:""term_group"";i:0;s:16:""term_taxonomy_id"";i:5;s:8:""taxonomy"";s:15:""itinerary_types"";s:11:""description"";s:0:"""";s:6:""parent"";i:0;s:5:""count"";i:2;s:6:""filter"";s:3:""raw"";}i:2;O:7:""WP_Term"":10:{s:7:""term_id"";i:6;s:4:""name"";s:10:""Refreshing"";s:4:""slug"";s:10:""refreshing"";s:10:""term_group"";i:0;s:16:""term_taxonomy_id"";i:6;s:8:""taxonomy"";s:15:""itinerary_types"";s:11:""description"";s:0:"""";s:6:""parent"";i:0;s:5:""count"";i:7;s:6:""filter"";s:3:""raw"";}}s:16:""travel_locations"";a:1:{i:0;O:7:""WP_Term"":10:{s:7:""term_id"";i:8;s:4:""name"";s:6:""Europe"";s:4:""slug"";s:6:""europe"";s:10:""term_group"";i:0;s:16:""term_taxonomy_id"";i:8;s:8:""taxonomy"";s:16:""travel_locations"";s:11:""description"";s:0:"""";s:6:""parent"";i:0;s:5:""count"";i:2;s:6:""filter"";s:3:""raw"";}}s:15:""travel_keywords"";a:1:{i:0;O:7:""WP_Term"":10:{s:7:""term_id"";i:15;s:4:""name"";s:6:""Nature"";s:4:""slug"";s:6:""nature"";s:10:""term_group"";i:0;s:16:""term_taxonomy_id"";i:15;s:8:""taxonomy"";s:15:""travel_keywords"";s:11:""description"";s:0:"""";s:6:""parent"";i:0;s:5:""count"";i:4;s:6:""filter"";s:3:""raw"";}}s:8:""activity"";a:3:{i:0;O:7:""WP_Term"":10:{s:7:""term_id"";i:13;s:4:""name"";s:9:""Bike Ride"";s:4:""slug"";s:9:""bike-ride"";s:10:""term_group"";i:0;s:16:""term_taxonomy_id"";i:13;s:8:""taxonomy"";s:8:""activity"";s:11:""description"";s:0:"""";s:6:""parent"";i:0;s:5:""count"";i:5;s:6:""filter"";s:3:""raw"";}i:1;O:7:""WP_Term"":10:{s:7:""term_id"";i:11;s:4:""name"";s:9:""City Tour"";s:4:""slug"";s:9:""city-ride"";s:10:""term_group"";i:0;s:16:""term_taxonomy_id"";i:11;s:8:""taxonomy"";s:8:""activity"";s:11:""description"";s:0:"""";s:6:""parent"";i:0;s:5:""count"";i:7;s:6:""filter"";s:3:""raw"";}i:2;O:7:""WP_Term"":10:{s:7:""term_id"";i:10;s:4:""name"";s:6:""Hiking"";s:4:""slug"";s:6:""hiking"";s:10:""term_group"";i:0;s:16:""term_taxonomy_id"";i:10;s:8:""taxonomy"";s:8:""activity"";s:11:""description"";s:0:"""";s:6:""parent"";i:0;s:5:""count"";i:3;s:6:""filter"";s:3:""raw"";}}}",http://wpdemo.wensolutions.com/initial-site/wp-content/uploads/sites/25/2023/11/train-62849_1280.jpg,itineraries,,,yes,,"a:8:{s:8:""overview"";a:2:{s:5:""label"";s:8:""Overview"";s:12:""show_in_menu"";b:1;}s:12:""trip_outline"";a:2:{s:5:""label"";s:12:""Trip Outline"";s:12:""show_in_menu"";b:1;}s:13:""trip_includes"";a:2:{s:5:""label"";s:13:""Trip Includes"";s:12:""show_in_menu"";b:1;}s:13:""trip_excludes"";a:2:{s:5:""label"";s:13:""Trip Excludes"";s:12:""show_in_menu"";b:1;}s:7:""gallery"";a:2:{s:5:""label"";s:7:""Gallery"";s:12:""show_in_menu"";b:1;}s:7:""reviews"";a:2:{s:5:""label"";s:7:""Reviews"";s:12:""show_in_menu"";b:1;}s:7:""booking"";a:2:{s:5:""label"";s:7:""Booking"";s:12:""show_in_menu"";b:1;}s:3:""faq"";a:2:{s:5:""label"";s:3:""FAQ"";s:12:""show_in_menu"";b:1;}}","a:1:{i:0;a:5:{s:5:""label"";s:5:""Day 1"";s:5:""title"";s:9:""Your Plan"";s:4:""date"";s:10:""2024-11-13"";s:4:""time"";s:0:"""";s:4:""desc"";s:445:""Lorem ipsum dolor sit amet, consectetur adipiscing elit, sed do eiusmod tempor incididunt ut labore et dolore magna aliqua. Ut enim ad minim veniam, quis nostrud exercitation ullamco laboris nisi ut aliquip ex ea commodo consequat. Duis aute irure dolor in reprehenderit in voluptate velit esse cillum dolore eu fugiat nulla pariatur. Excepteur sint occaecat cupidatat non proident, sunt in culpa qui officia deserunt mollit anim id est laborum."";}}","a:3:{i:0;s:31:""Is Switzerland safe to travel ?"";i:1;s:54:""Does this trip includes every facilities and services?"";i:2;s:50:""Does this trip includes an Insurance Plan as well?"";}","a:3:{i:0;s:445:""Lorem ipsum dolor sit amet, consectetur adipiscing elit, sed do eiusmod tempor incididunt ut labore et dolore magna aliqua. Ut enim ad minim veniam, quis nostrud exercitation ullamco laboris nisi ut aliquip ex ea commodo consequat. Duis aute irure dolor in reprehenderit in voluptate velit esse cillum dolore eu fugiat nulla pariatur. Excepteur sint occaecat cupidatat non proident, sunt in culpa qui officia deserunt mollit anim id est laborum."";i:1;s:445:""Lorem ipsum dolor sit amet, consectetur adipiscing elit, sed do eiusmod tempor incididunt ut labore et dolore magna aliqua. Ut enim ad minim veniam, quis nostrud exercitation ullamco laboris nisi ut aliquip ex ea commodo consequat. Duis aute irure dolor in reprehenderit in voluptate velit esse cillum dolore eu fugiat nulla pariatur. Excepteur sint occaecat cupidatat non proident, sunt in culpa qui officia deserunt mollit anim id est laborum."";i:2;s:445:""Lorem ipsum dolor sit amet, consectetur adipiscing elit, sed do eiusmod tempor incididunt ut labore et dolore magna aliqua. Ut enim ad minim veniam, quis nostrud exercitation ullamco laboris nisi ut aliquip ex ea commodo consequat. Duis aute irure dolor in reprehenderit in voluptate velit esse cillum dolore eu fugiat nulla pariatur. Excepteur sint occaecat cupidatat non proident, sunt in culpa qui officia deserunt mollit anim id est laborum."";}","a:3:{i:0;a:4:{s:8:""question"";s:31:""Is Switzerland safe to travel ?"";s:6:""answer"";s:445:""Lorem ipsum dolor sit amet, consectetur adipiscing elit, sed do eiusmod tempor incididunt ut labore et dolore magna aliqua. Ut enim ad minim veniam, quis nostrud exercitation ullamco laboris nisi ut aliquip ex ea commodo consequat. Duis aute irure dolor in reprehenderit in voluptate velit esse cillum dolore eu fugiat nulla pariatur. Excepteur sint occaecat cupidatat non proident, sunt in culpa qui officia deserunt mollit anim id est laborum."";s:6:""global"";s:2:""no"";s:13:""global_faq_id"";s:0:"""";}i:1;a:4:{s:8:""question"";s:54:""Does this trip includes every facilities and services?"";s:6:""answer"";s:445:""Lorem ipsum dolor sit amet, consectetur adipiscing elit, sed do eiusmod tempor incididunt ut labore et dolore magna aliqua. Ut enim ad minim veniam, quis nostrud exercitation ullamco laboris nisi ut aliquip ex ea commodo consequat. Duis aute irure dolor in reprehenderit in voluptate velit esse cillum dolore eu fugiat nulla pariatur. Excepteur sint occaecat cupidatat non proident, sunt in culpa qui officia deserunt mollit anim id est laborum."";s:6:""global"";s:2:""no"";s:13:""global_faq_id"";s:0:"""";}i:2;a:4:{s:8:""question"";s:50:""Does this trip includes an Insurance Plan as well?"";s:6:""answer"";s:445:""Lorem ipsum dolor sit amet, consectetur adipiscing elit, sed do eiusmod tempor incididunt ut labore et dolore magna aliqua. Ut enim ad minim veniam, quis nostrud exercitation ullamco laboris nisi ut aliquip ex ea commodo consequat. Duis aute irure dolor in reprehenderit in voluptate velit esse cillum dolore eu fugiat nulla pariatur. Excepteur sint occaecat cupidatat non proident, sunt in culpa qui officia deserunt mollit anim id est laborum."";s:6:""global"";s:2:""no"";s:13:""global_faq_id"";s:0:"""";}}",,,,,"a:2:{s:4:""days"";s:0:"""";s:6:""nights"";s:0:"""";}","a:2:{i:0;a:5:{s:5:""label"";s:14:""Transportation"";s:5:""value"";s:4:""Jeep"";s:7:""fact_id"";s:1:""0"";s:4:""icon"";s:0:"""";s:4:""type"";s:4:""text"";}i:1;a:5:{s:5:""label"";s:5:""Guide"";s:5:""value"";s:2:""No"";s:7:""fact_id"";s:1:""1"";s:4:""icon"";s:0:"""";s:4:""type"";s:4:""text"";}}","<p>Switzerland is a mountainous Central European country, home to numerous lakes, villages and the high peaks of the Alps. Its cities contain medieval quarters, with landmarks like capital Bern’s Zytglogge clock tower and Lucerne’s wooden chapel bridge.j</p>",,,"<p>Musical Party with celebs<br />Beautiful dinner party<br />Special arrangements of welcome drinks and gifts<br />Amenities provided during the trip, like access to facilities of SPA, Gym and Pool<br />Free breakfast, lunch, or dinner options</p>","<p>Expenses of a personal nature, such as shopping, tips, laundry, or alcoholic beverages<br />Specific gear or equipment required for certain activities, such as hiking gear, scuba diving equipment<br />Tips for tour guides, drivers, and service staff</p>",yes,40,1,,"a:1:{i:0;s:2:""10"";}","a:2:{i:0;s:100:""http://wpdemo.wensolutions.com/initial-site/wp-content/uploads/sites/25/2023/11/train-62849_1280.jpg"";i:1;s:107:""http://wpdemo.wensolutions.com/initial-site/wp-content/uploads/sites/25/2023/11/bridge-4636745_1280-1-1.jpg"";}",Switzerland,,,no,1000,1,0,2024-11-12,a:0:{},,"a:2:{s:9:""downloads"";a:0:{}s:15:""email_downloads"";a:0:{}}",,,a:0:{},multiple-price,custom-link,,,,no,no,use_group_size,show_sold_out_msg_only,40,1,Sold Out!,,no,,,no,no,a:0:{},WT-CODE 35,"a:1:{s:5:""items"";a:2:{i:0;a:10:{s:5:""index"";s:1:""0"";s:12:""attachmentid"";s:2:""36"";s:2:""id"";s:2:""36"";s:3:""url"";s:100:""http://wpdemo.wensolutions.com/initial-site/wp-content/uploads/sites/25/2023/11/train-62849_1280.jpg"";s:9:""thumb_url"";s:108:""http://wpdemo.wensolutions.com/initial-site/wp-content/uploads/sites/25/2023/11/train-62849_1280-150x150.jpg"";s:4:""type"";s:10:""image/jpeg"";s:5:""title"";s:16:""train-62849_1280"";s:7:""caption"";s:0:"""";s:6:""chosen"";s:0:"""";s:8:""selected"";s:0:"""";}i:1;a:10:{s:5:""index"";s:1:""1"";s:12:""attachmentid"";s:2:""37"";s:2:""id"";s:2:""37"";s:3:""url"";s:107:""http://wpdemo.wensolutions.com/initial-site/wp-content/uploads/sites/25/2023/11/bridge-4636745_1280-1-1.jpg"";s:9:""thumb_url"";s:115:""http://wpdemo.wensolutions.com/initial-site/wp-content/uploads/sites/25/2023/11/bridge-4636745_1280-1-1-150x150.jpg"";s:4:""type"";s:10:""image/jpeg"";s:5:""title"";s:23:""bridge-4636745_1280-1-1"";s:7:""caption"";s:0:"""";s:6:""chosen"";s:0:"""";s:8:""selected"";s:0:"""";}}}","a:3:{i:0;a:8:{s:2:""id"";i:9;s:5:""title"";s:10:""High price"";s:7:""max_pax"";i:25;s:7:""min_pax"";i:1;s:15:""has_group_price"";b:0;s:12:""group_prices"";a:0:{}s:10:""categories"";a:1:{i:0;a:9:{s:2:""id"";i:2;s:9:""price_per"";s:6:""person"";s:13:""regular_price"";s:4:""2000"";s:7:""is_sale"";b:1;s:10:""sale_price"";s:1:""0"";s:15:""has_group_price"";b:0;s:12:""group_prices"";a:0:{}s:11:""default_pax"";s:1:""0"";s:9:""term_info"";a:3:{s:2:""id"";i:2;s:5:""title"";s:5:""Adult"";s:8:""pax_size"";i:1;}}}s:11:""trip_extras"";a:0:{}}i:1;a:8:{s:2:""id"";i:10;s:5:""title"";s:9:""Low Price"";s:7:""max_pax"";i:29;s:7:""min_pax"";i:2;s:15:""has_group_price"";b:0;s:12:""group_prices"";a:0:{}s:10:""categories"";a:1:{i:0;a:9:{s:2:""id"";i:2;s:9:""price_per"";s:6:""person"";s:13:""regular_price"";s:4:""1000"";s:7:""is_sale"";b:0;s:10:""sale_price"";s:1:""0"";s:15:""has_group_price"";b:0;s:12:""group_prices"";a:0:{}s:11:""default_pax"";s:1:""0"";s:9:""term_info"";a:3:{s:2:""id"";i:2;s:5:""title"";s:5:""Adult"";s:8:""pax_size"";i:1;}}}s:11:""trip_extras"";a:0:{}}i:2;a:8:{s:2:""id"";i:11;s:5:""title"";s:12:""Normal Price"";s:7:""max_pax"";i:40;s:7:""min_pax"";i:1;s:15:""has_group_price"";b:0;s:12:""group_prices"";a:0:{}s:10:""categories"";a:1:{i:0;a:9:{s:2:""id"";i:2;s:9:""price_per"";s:6:""person"";s:13:""regular_price"";s:4:""1500"";s:7:""is_sale"";b:0;s:10:""sale_price"";s:1:""0"";s:15:""has_group_price"";b:0;s:12:""group_prices"";a:0:{}s:11:""default_pax"";s:1:""0"";s:9:""term_info"";a:3:{s:2:""id"";i:2;s:5:""title"";s:5:""Adult"";s:8:""pax_size"";i:1;}}}s:11:""trip_extras"";a:0:{}}}","a:1:{i:0;a:14:{s:2:""id"";i:4;s:5:""title"";s:15:""Fixed Departure"";s:5:""years"";s:10:""every_year"";s:6:""months"";s:11:""every_month"";s:4:""days"";s:0:"""";s:9:""date_days"";s:0:"""";s:10:""start_date"";s:10:""2024-11-12"";s:8:""end_date"";s:10:""2026-11-11"";s:12:""is_recurring"";b:0;s:11:""enable_time"";s:0:"""";s:22:""twentyfour_time_format"";s:0:"""";s:9:""trip_time"";s:0:"""";s:11:""pricing_ids"";s:7:""9,10,11"";s:23:""recurring_weekdays_type"";s:0:"""";}}"
Turkey Travel(Hours and Minute),,,2023/11/20 08:37:15,publish,turkey-travel,"a:5:{s:26:""itinerary_pricing_category"";b:0;s:15:""itinerary_types"";a:2:{i:0;O:7:""WP_Term"":10:{s:7:""term_id"";i:4;s:4:""name"";s:20:""Historical Monuments"";s:4:""slug"";s:20:""historical-monuments"";s:10:""term_group"";i:0;s:16:""term_taxonomy_id"";i:4;s:8:""taxonomy"";s:15:""itinerary_types"";s:11:""description"";s:0:"""";s:6:""parent"";i:0;s:5:""count"";i:5;s:6:""filter"";s:3:""raw"";}i:1;O:7:""WP_Term"":10:{s:7:""term_id"";i:6;s:4:""name"";s:10:""Refreshing"";s:4:""slug"";s:10:""refreshing"";s:10:""term_group"";i:0;s:16:""term_taxonomy_id"";i:6;s:8:""taxonomy"";s:15:""itinerary_types"";s:11:""description"";s:0:"""";s:6:""parent"";i:0;s:5:""count"";i:7;s:6:""filter"";s:3:""raw"";}}s:16:""travel_locations"";a:1:{i:0;O:7:""WP_Term"":10:{s:7:""term_id"";i:8;s:4:""name"";s:6:""Europe"";s:4:""slug"";s:6:""europe"";s:10:""term_group"";i:0;s:16:""term_taxonomy_id"";i:8;s:8:""taxonomy"";s:16:""travel_locations"";s:11:""description"";s:0:"""";s:6:""parent"";i:0;s:5:""count"";i:2;s:6:""filter"";s:3:""raw"";}}s:15:""travel_keywords"";b:0;s:8:""activity"";a:2:{i:0;O:7:""WP_Term"":10:{s:7:""term_id"";i:11;s:4:""name"";s:9:""City Tour"";s:4:""slug"";s:9:""city-ride"";s:10:""term_group"";i:0;s:16:""term_taxonomy_id"";i:11;s:8:""taxonomy"";s:8:""activity"";s:11:""description"";s:0:"""";s:6:""parent"";i:0;s:5:""count"";i:7;s:6:""filter"";s:3:""raw"";}i:1;O:7:""WP_Term"":10:{s:7:""term_id"";i:12;s:4:""name"";s:9:""Fireworks"";s:4:""slug"";s:9:""fireworks"";s:10:""term_group"";i:0;s:16:""term_taxonomy_id"";i:12;s:8:""taxonomy"";s:8:""activity"";s:11:""description"";s:0:"""";s:6:""parent"";i:0;s:5:""count"";i:5;s:6:""filter"";s:3:""raw"";}}}",http://wpdemo.wensolutions.com/initial-site/wp-content/uploads/sites/25/2023/11/istanbul-2430072_640.jpg,itineraries,,,no,,"a:8:{s:8:""overview"";a:2:{s:5:""label"";s:8:""Overview"";s:12:""show_in_menu"";b:1;}s:12:""trip_outline"";a:2:{s:5:""label"";s:12:""Trip Outline"";s:12:""show_in_menu"";b:1;}s:13:""trip_includes"";a:2:{s:5:""label"";s:13:""Trip Includes"";s:12:""show_in_menu"";b:1;}s:13:""trip_excludes"";a:2:{s:5:""label"";s:13:""Trip Excludes"";s:12:""show_in_menu"";b:1;}s:7:""gallery"";a:2:{s:5:""label"";s:7:""Gallery"";s:12:""show_in_menu"";b:1;}s:7:""reviews"";a:2:{s:5:""label"";s:7:""Reviews"";s:12:""show_in_menu"";b:1;}s:7:""booking"";a:2:{s:5:""label"";s:7:""Booking"";s:12:""show_in_menu"";b:1;}s:3:""faq"";a:2:{s:5:""label"";s:3:""FAQ"";s:12:""show_in_menu"";b:1;}}","a:3:{i:0;a:5:{s:5:""label"";s:5:""Day 1"";s:5:""title"";s:9:""Your Plan"";s:4:""date"";s:10:""2023-11-30"";s:4:""time"";s:0:"""";s:4:""desc"";s:445:""Lorem ipsum dolor sit amet, consectetur adipiscing elit, sed do eiusmod tempor incididunt ut labore et dolore magna aliqua. Ut enim ad minim veniam, quis nostrud exercitation ullamco laboris nisi ut aliquip ex ea commodo consequat. Duis aute irure dolor in reprehenderit in voluptate velit esse cillum dolore eu fugiat nulla pariatur. Excepteur sint occaecat cupidatat non proident, sunt in culpa qui officia deserunt mollit anim id est laborum."";}i:1;a:5:{s:5:""label"";s:5:""Day 2"";s:5:""title"";s:9:""Your Plan"";s:4:""date"";s:10:""2024-02-15"";s:4:""time"";s:0:"""";s:4:""desc"";s:445:""Lorem ipsum dolor sit amet, consectetur adipiscing elit, sed do eiusmod tempor incididunt ut labore et dolore magna aliqua. Ut enim ad minim veniam, quis nostrud exercitation ullamco laboris nisi ut aliquip ex ea commodo consequat. Duis aute irure dolor in reprehenderit in voluptate velit esse cillum dolore eu fugiat nulla pariatur. Excepteur sint occaecat cupidatat non proident, sunt in culpa qui officia deserunt mollit anim id est laborum."";}i:2;a:5:{s:5:""label"";s:5:""Day 3"";s:5:""title"";s:9:""Your Plan"";s:4:""date"";s:10:""2024-01-31"";s:4:""time"";s:0:"""";s:4:""desc"";s:445:""Lorem ipsum dolor sit amet, consectetur adipiscing elit, sed do eiusmod tempor incididunt ut labore et dolore magna aliqua. Ut enim ad minim veniam, quis nostrud exercitation ullamco laboris nisi ut aliquip ex ea commodo consequat. Duis aute irure dolor in reprehenderit in voluptate velit esse cillum dolore eu fugiat nulla pariatur. Excepteur sint occaecat cupidatat non proident, sunt in culpa qui officia deserunt mollit anim id est laborum."";}}","a:4:{i:0;s:54:""Does this trip includes every facilities and services?"";i:1;s:30:""Is turkey a beautiful country?"";i:2;s:21:""Is it safe to travel?"";i:3;s:16:""Is it expensive?"";}","a:4:{i:0;s:85:""Well sir/mam, we have enlisted in Trip Includes and Trip Excludes to be more clearer."";i:1;s:445:""Lorem ipsum dolor sit amet, consectetur adipiscing elit, sed do eiusmod tempor incididunt ut labore et dolore magna aliqua. Ut enim ad minim veniam, quis nostrud exercitation ullamco laboris nisi ut aliquip ex ea commodo consequat. Duis aute irure dolor in reprehenderit in voluptate velit esse cillum dolore eu fugiat nulla pariatur. Excepteur sint occaecat cupidatat non proident, sunt in culpa qui officia deserunt mollit anim id est laborum."";i:2;s:445:""Lorem ipsum dolor sit amet, consectetur adipiscing elit, sed do eiusmod tempor incididunt ut labore et dolore magna aliqua. Ut enim ad minim veniam, quis nostrud exercitation ullamco laboris nisi ut aliquip ex ea commodo consequat. Duis aute irure dolor in reprehenderit in voluptate velit esse cillum dolore eu fugiat nulla pariatur. Excepteur sint occaecat cupidatat non proident, sunt in culpa qui officia deserunt mollit anim id est laborum."";i:3;s:445:""Lorem ipsum dolor sit amet, consectetur adipiscing elit, sed do eiusmod tempor incididunt ut labore et dolore magna aliqua. Ut enim ad minim veniam, quis nostrud exercitation ullamco laboris nisi ut aliquip ex ea commodo consequat. Duis aute irure dolor in reprehenderit in voluptate velit esse cillum dolore eu fugiat nulla pariatur. Excepteur sint occaecat cupidatat non proident, sunt in culpa qui officia deserunt mollit anim id est laborum."";}","a:4:{i:0;a:4:{s:8:""question"";s:54:""Does this trip includes every facilities and services?"";s:6:""answer"";s:85:""Well sir/mam, we have enlisted in Trip Includes and Trip Excludes to be more clearer."";s:6:""global"";s:2:""no"";s:13:""global_faq_id"";s:0:"""";}i:1;a:4:{s:8:""question"";s:30:""Is turkey a beautiful country?"";s:6:""answer"";s:445:""Lorem ipsum dolor sit amet, consectetur adipiscing elit, sed do eiusmod tempor incididunt ut labore et dolore magna aliqua. Ut enim ad minim veniam, quis nostrud exercitation ullamco laboris nisi ut aliquip ex ea commodo consequat. Duis aute irure dolor in reprehenderit in voluptate velit esse cillum dolore eu fugiat nulla pariatur. Excepteur sint occaecat cupidatat non proident, sunt in culpa qui officia deserunt mollit anim id est laborum."";s:6:""global"";s:2:""no"";s:13:""global_faq_id"";s:0:"""";}i:2;a:4:{s:8:""question"";s:21:""Is it safe to travel?"";s:6:""answer"";s:445:""Lorem ipsum dolor sit amet, consectetur adipiscing elit, sed do eiusmod tempor incididunt ut labore et dolore magna aliqua. Ut enim ad minim veniam, quis nostrud exercitation ullamco laboris nisi ut aliquip ex ea commodo consequat. Duis aute irure dolor in reprehenderit in voluptate velit esse cillum dolore eu fugiat nulla pariatur. Excepteur sint occaecat cupidatat non proident, sunt in culpa qui officia deserunt mollit anim id est laborum."";s:6:""global"";s:2:""no"";s:13:""global_faq_id"";s:0:"""";}i:3;a:4:{s:8:""question"";s:16:""Is it expensive?"";s:6:""answer"";s:445:""Lorem ipsum dolor sit amet, consectetur adipiscing elit, sed do eiusmod tempor incididunt ut labore et dolore magna aliqua. Ut enim ad minim veniam, quis nostrud exercitation ullamco laboris nisi ut aliquip ex ea commodo consequat. Duis aute irure dolor in reprehenderit in voluptate velit esse cillum dolore eu fugiat nulla pariatur. Excepteur sint occaecat cupidatat non proident, sunt in culpa qui officia deserunt mollit anim id est laborum."";s:6:""global"";s:2:""no"";s:13:""global_faq_id"";s:0:"""";}}",,,,,"a:4:{s:4:""days"";s:0:"""";s:6:""nights"";s:0:"""";s:15:""duration_format"";s:11:""hour_minute"";s:5:""hours"";s:2:""45"";}","a:2:{i:0;a:5:{s:5:""label"";s:14:""Transportation"";s:5:""value"";s:3:""Bus"";s:7:""fact_id"";s:1:""0"";s:4:""icon"";s:41:""<i class="""" aria-hidden=""true""></i>
				"";s:4:""type"";s:4:""text"";}i:1;a:5:{s:5:""label"";s:5:""Guide"";s:5:""value"";s:2:""No"";s:7:""fact_id"";s:1:""1"";s:4:""icon"";s:41:""<i class="""" aria-hidden=""true""></i>
				"";s:4:""type"";s:4:""text"";}}","<p>It is mainly on the <a title=""Anatolia"" href=""https://en.wikipedia.org/wiki/Anatolia"">Anatolian Peninsula</a> in <a title=""West Asia"" href=""https://en.wikipedia.org/wiki/West_Asia"">West Asia</a>, with a small portion called <a title=""East Thrace"" href=""https://en.wikipedia.org/wiki/East_Thrace"">East Thrace</a> on the <a title=""Balkans"" href=""https://en.wikipedia.org/wiki/Balkans"">Balkan Peninsula</a> in Southeast Europe. It borders the <a title=""Black Sea"" href=""https://en.wikipedia.org/wiki/Black_Sea"">Black Sea</a> to the north; <a title=""Georgia (country)"" href=""https://en.wikipedia.org/wiki/Georgia_(country)"">Georgia</a> to the northeast; <a title=""Armenia"" href=""https://en.wikipedia.org/wiki/Armenia"">Armenia</a>, <a title=""Azerbaijan"" href=""https://en.wikipedia.org/wiki/Azerbaijan"">Azerbaijan</a>, and <a title=""Iran"" href=""https://en.wikipedia.org/wiki/Iran"">Iran</a> to the east; <a title=""Iraq"" href=""https://en.wikipedia.org/wiki/Iraq"">Iraq</a> to the southeast; <a title=""Syria"" href=""https://en.wikipedia.org/wiki/Syria"">Syria</a> and the <a title=""Mediterranean Sea"" href=""https://en.wikipedia.org/wiki/Mediterranean_Sea"">Mediterranean Sea</a> to the south; the <a title=""Aegean Sea"" href=""https://en.wikipedia.org/wiki/Aegean_Sea"">Aegean Sea</a> to the west; and <a title=""Greece"" href=""https://en.wikipedia.org/wiki/Greece"">Greece</a> and <a title=""Bulgaria"" href=""https://en.wikipedia.org/wiki/Bulgaria"">Bulgaria</a> to the northwest.</p>",,"<p>It is mainly on the <a title=""Anatolia"" href=""https://en.wikipedia.org/wiki/Anatolia"">Anatolian Peninsula</a> in <a title=""West Asia"" href=""https://en.wikipedia.org/wiki/West_Asia"">West Asia</a>, with a small portion called <a title=""East Thrace"" href=""https://en.wikipedia.org/wiki/East_Thrace"">East Thrace</a> on the <a title=""Balkans"" href=""https://en.wikipedia.org/wiki/Balkans"">Balkan Peninsula</a> in Southeast Europe. It borders the <a title=""Black Sea"" href=""https://en.wikipedia.org/wiki/Black_Sea"">Black Sea</a> to the north; <a title=""Georgia (country)"" href=""https://en.wikipedia.org/wiki/Georgia_(country)"">Georgia</a> to the northeast; <a title=""Armenia"" href=""https://en.wikipedia.org/wiki/Armenia"">Armenia</a>, <a title=""Azerbaijan"" href=""https://en.wikipedia.org/wiki/Azerbaijan"">Azerbaijan</a>, and <a title=""Iran"" href=""https://en.wikipedia.org/wiki/Iran"">Iran</a> to the east; <a title=""Iraq"" href=""https://en.wikipedia.org/wiki/Iraq"">Iraq</a> to the southeast; <a title=""Syria"" href=""https://en.wikipedia.org/wiki/Syria"">Syria</a> and the <a title=""Mediterranean Sea"" href=""https://en.wikipedia.org/wiki/Mediterranean_Sea"">Mediterranean Sea</a> to the south; the <a title=""Aegean Sea"" href=""https://en.wikipedia.org/wiki/Aegean_Sea"">Aegean Sea</a> to the west; and <a title=""Greece"" href=""https://en.wikipedia.org/wiki/Greece"">Greece</a> and <a title=""Bulgaria"" href=""https://en.wikipedia.org/wiki/Bulgaria"">Bulgaria</a> to the northwest.</p>","<p>Musical Party with celebs<br />Beautiful dinner party<br />Special arrangements of welcome drinks and gifts<br />Amenities provided during the trip, like access to facilities of SPA, Gym and Pool<br />Free breakfast, lunch, or dinner options</p>","<p>Musical Party with celebs<br />Beautiful dinner party<br />Special arrangements of welcome drinks and gifts<br />Amenities provided during the trip, like access to facilities of SPA, Gym and Pool<br />Free breakfast, lunch, or dinner options</p>",yes,99,1,,"a:1:{i:0;s:2:""10"";}","a:3:{i:0;s:104:""http://wpdemo.wensolutions.com/initial-site/wp-content/uploads/sites/25/2023/11/istanbul-2430072_640.jpg"";i:1;s:102:""http://wpdemo.wensolutions.com/initial-site/wp-content/uploads/sites/25/2023/11/turkey-5201498_640.jpg"";i:2;s:105:""http://wpdemo.wensolutions.com/initial-site/wp-content/uploads/sites/25/2023/11/cappadocia-805626_640.jpg"";}","Istanbul,Turkey",,,no,600,1,0,,a:0:{},,"a:2:{s:9:""downloads"";a:0:{}s:15:""email_downloads"";a:0:{}}",,,a:0:{},multiple-price,custom-link,,,,no,no,use_group_size,show_sold_out_msg_only,99,1,Sold Out!,,no,,,no,no,a:0:{},WT-CODE 29,"a:1:{s:5:""items"";a:3:{i:0;a:10:{s:5:""index"";s:1:""0"";s:12:""attachmentid"";s:2:""31"";s:2:""id"";s:2:""31"";s:3:""url"";s:104:""http://wpdemo.wensolutions.com/initial-site/wp-content/uploads/sites/25/2023/11/istanbul-2430072_640.jpg"";s:9:""thumb_url"";s:112:""http://wpdemo.wensolutions.com/initial-site/wp-content/uploads/sites/25/2023/11/istanbul-2430072_640-150x150.jpg"";s:4:""type"";s:10:""image/jpeg"";s:5:""title"";s:20:""istanbul-2430072_640"";s:7:""caption"";s:0:"""";s:6:""chosen"";s:0:"""";s:8:""selected"";s:0:"""";}i:1;a:10:{s:5:""index"";s:1:""1"";s:12:""attachmentid"";s:2:""32"";s:2:""id"";s:2:""32"";s:3:""url"";s:102:""http://wpdemo.wensolutions.com/initial-site/wp-content/uploads/sites/25/2023/11/turkey-5201498_640.jpg"";s:9:""thumb_url"";s:110:""http://wpdemo.wensolutions.com/initial-site/wp-content/uploads/sites/25/2023/11/turkey-5201498_640-150x150.jpg"";s:4:""type"";s:10:""image/jpeg"";s:5:""title"";s:18:""turkey-5201498_640"";s:7:""caption"";s:0:"""";s:6:""chosen"";s:0:"""";s:8:""selected"";s:0:"""";}i:2;a:10:{s:5:""index"";s:1:""2"";s:12:""attachmentid"";s:2:""33"";s:2:""id"";s:2:""33"";s:3:""url"";s:105:""http://wpdemo.wensolutions.com/initial-site/wp-content/uploads/sites/25/2023/11/cappadocia-805626_640.jpg"";s:9:""thumb_url"";s:113:""http://wpdemo.wensolutions.com/initial-site/wp-content/uploads/sites/25/2023/11/cappadocia-805626_640-150x150.jpg"";s:4:""type"";s:10:""image/jpeg"";s:5:""title"";s:21:""cappadocia-805626_640"";s:7:""caption"";s:0:"""";s:6:""chosen"";s:0:"""";s:8:""selected"";s:0:"""";}}}","a:1:{i:0;a:8:{s:2:""id"";i:8;s:5:""title"";s:5:""Price"";s:7:""max_pax"";i:99;s:7:""min_pax"";i:1;s:15:""has_group_price"";b:0;s:12:""group_prices"";a:0:{}s:10:""categories"";a:1:{i:0;a:9:{s:2:""id"";i:2;s:9:""price_per"";s:6:""person"";s:13:""regular_price"";s:3:""700"";s:7:""is_sale"";b:1;s:10:""sale_price"";s:3:""600"";s:15:""has_group_price"";b:0;s:12:""group_prices"";a:0:{}s:11:""default_pax"";i:2;s:9:""term_info"";a:3:{s:2:""id"";i:2;s:5:""title"";s:5:""Adult"";s:8:""pax_size"";i:1;}}}s:11:""trip_extras"";a:0:{}}}",a:0:{}
Dubai(Normal),,,2023/11/20 08:28:35,publish,dubai,"a:5:{s:26:""itinerary_pricing_category"";b:0;s:15:""itinerary_types"";a:2:{i:0;O:7:""WP_Term"":10:{s:7:""term_id"";i:4;s:4:""name"";s:20:""Historical Monuments"";s:4:""slug"";s:20:""historical-monuments"";s:10:""term_group"";i:0;s:16:""term_taxonomy_id"";i:4;s:8:""taxonomy"";s:15:""itinerary_types"";s:11:""description"";s:0:"""";s:6:""parent"";i:0;s:5:""count"";i:5;s:6:""filter"";s:3:""raw"";}i:1;O:7:""WP_Term"":10:{s:7:""term_id"";i:5;s:4:""name"";s:11:""Luxury Life"";s:4:""slug"";s:11:""luxury-life"";s:10:""term_group"";i:0;s:16:""term_taxonomy_id"";i:5;s:8:""taxonomy"";s:15:""itinerary_types"";s:11:""description"";s:0:"""";s:6:""parent"";i:0;s:5:""count"";i:2;s:6:""filter"";s:3:""raw"";}}s:16:""travel_locations"";a:1:{i:0;O:7:""WP_Term"":10:{s:7:""term_id"";i:7;s:4:""name"";s:4:""Asia"";s:4:""slug"";s:4:""asia"";s:10:""term_group"";i:0;s:16:""term_taxonomy_id"";i:7;s:8:""taxonomy"";s:16:""travel_locations"";s:11:""description"";s:0:"""";s:6:""parent"";i:0;s:5:""count"";i:5;s:6:""filter"";s:3:""raw"";}}s:15:""travel_keywords"";a:1:{i:0;O:7:""WP_Term"":10:{s:7:""term_id"";i:15;s:4:""name"";s:6:""Nature"";s:4:""slug"";s:6:""nature"";s:10:""term_group"";i:0;s:16:""term_taxonomy_id"";i:15;s:8:""taxonomy"";s:15:""travel_keywords"";s:11:""description"";s:0:"""";s:6:""parent"";i:0;s:5:""count"";i:4;s:6:""filter"";s:3:""raw"";}}s:8:""activity"";a:3:{i:0;O:7:""WP_Term"":10:{s:7:""term_id"";i:13;s:4:""name"";s:9:""Bike Ride"";s:4:""slug"";s:9:""bike-ride"";s:10:""term_group"";i:0;s:16:""term_taxonomy_id"";i:13;s:8:""taxonomy"";s:8:""activity"";s:11:""description"";s:0:"""";s:6:""parent"";i:0;s:5:""count"";i:5;s:6:""filter"";s:3:""raw"";}i:1;O:7:""WP_Term"":10:{s:7:""term_id"";i:11;s:4:""name"";s:9:""City Tour"";s:4:""slug"";s:9:""city-ride"";s:10:""term_group"";i:0;s:16:""term_taxonomy_id"";i:11;s:8:""taxonomy"";s:8:""activity"";s:11:""description"";s:0:"""";s:6:""parent"";i:0;s:5:""count"";i:7;s:6:""filter"";s:3:""raw"";}i:2;O:7:""WP_Term"":10:{s:7:""term_id"";i:12;s:4:""name"";s:9:""Fireworks"";s:4:""slug"";s:9:""fireworks"";s:10:""term_group"";i:0;s:16:""term_taxonomy_id"";i:12;s:8:""taxonomy"";s:8:""activity"";s:11:""description"";s:0:"""";s:6:""parent"";i:0;s:5:""count"";i:5;s:6:""filter"";s:3:""raw"";}}}",http://wpdemo.wensolutions.com/initial-site/wp-content/uploads/sites/25/2023/11/burj-al-arab-2624317_1280-1.jpg,itineraries,,,yes,,"a:8:{s:8:""overview"";a:2:{s:5:""label"";s:8:""Overview"";s:12:""show_in_menu"";b:1;}s:12:""trip_outline"";a:2:{s:5:""label"";s:12:""Trip Outline"";s:12:""show_in_menu"";b:1;}s:13:""trip_includes"";a:2:{s:5:""label"";s:13:""Trip Includes"";s:12:""show_in_menu"";b:1;}s:13:""trip_excludes"";a:2:{s:5:""label"";s:13:""Trip Excludes"";s:12:""show_in_menu"";b:1;}s:7:""gallery"";a:2:{s:5:""label"";s:7:""Gallery"";s:12:""show_in_menu"";b:1;}s:7:""reviews"";a:2:{s:5:""label"";s:7:""Reviews"";s:12:""show_in_menu"";b:1;}s:7:""booking"";a:2:{s:5:""label"";s:7:""Booking"";s:12:""show_in_menu"";b:1;}s:3:""faq"";a:2:{s:5:""label"";s:3:""FAQ"";s:12:""show_in_menu"";b:1;}}","a:1:{i:0;a:5:{s:5:""label"";s:5:""Day 1"";s:5:""title"";s:9:""Your Plan"";s:4:""date"";s:10:""2024-01-03"";s:4:""time"";s:0:"""";s:4:""desc"";s:187:""Pellentesque in ipsum id orci porta dapibus.
Vestibulum ac diam sit
amet quam vehicula elementum
sed sit amet dui. Mauris blandit
aliquet elit, eget tincidunt nibh pulvinar a.        "";}}","a:2:{i:0;s:22:""Is this Location Good?"";i:1;s:11:""Is it safe?"";}","a:2:{i:0;s:32:""Definitely, you should visit it!"";i:1;s:445:""Lorem ipsum dolor sit amet, consectetur adipiscing elit, sed do eiusmod tempor incididunt ut labore et dolore magna aliqua. Ut enim ad minim veniam, quis nostrud exercitation ullamco laboris nisi ut aliquip ex ea commodo consequat. Duis aute irure dolor in reprehenderit in voluptate velit esse cillum dolore eu fugiat nulla pariatur. Excepteur sint occaecat cupidatat non proident, sunt in culpa qui officia deserunt mollit anim id est laborum."";}","a:2:{i:0;a:6:{s:8:""question"";s:22:""Is this Location Good?"";s:6:""answer"";s:32:""Definitely, you should visit it!"";s:6:""global"";s:2:""no"";s:13:""global_faq_id"";s:0:"""";s:6:""chosen"";s:0:"""";s:8:""selected"";s:0:"""";}i:1;a:3:{s:8:""question"";s:11:""Is it safe?"";s:6:""answer"";s:445:""Lorem ipsum dolor sit amet, consectetur adipiscing elit, sed do eiusmod tempor incididunt ut labore et dolore magna aliqua. Ut enim ad minim veniam, quis nostrud exercitation ullamco laboris nisi ut aliquip ex ea commodo consequat. Duis aute irure dolor in reprehenderit in voluptate velit esse cillum dolore eu fugiat nulla pariatur. Excepteur sint occaecat cupidatat non proident, sunt in culpa qui officia deserunt mollit anim id est laborum."";s:6:""global"";s:2:""no"";}}",,,,,"a:3:{s:4:""days"";s:0:"""";s:6:""nights"";s:0:"""";s:15:""duration_format"";s:9:""day_night"";}",a:0:{},"<p>Dubai is a city and emirate in the United Arab Emirates known for luxury shopping, ultramodern architecture and a lively nightlife scene. Burj Khalifa, an 830m-tall tower, dominates the skyscraper-filled skyline. At its foot lies Dubai Fountain, with jets and lights choreographed to music. On artificial islands just offshore is Atlantis, The Palm, a resort with water and marine-animal parks</p>",,"<p>Dubai is a city and emirate in the United Arab Emirates known for luxury shopping, ultramodern architecture and a lively nightlife scene. Burj Khalifa, an 830m-tall tower, dominates the skyscraper-filled skyline.</p>","<ul>
<li>Pellentesque in ipsum id orci porta dapibus.</li>
<li>Vestibulum ac diam sit</li>
<li>amet quam vehicula elementum</li>
<li>sed sit amet dui. Mauris blandit</li>
<li>aliquet elit, eget tincidunt nibh pulvinar a.                         </li>
</ul>","<ul>
<li>Pellentesque in ipsum id orci porta dapibus.</li>
<li>Vestibulum ac diam sit</li>
<li>amet quam vehicula elementum</li>
<li>sed sit amet dui. Mauris blandit</li>
<li>aliquet elit, eget tincidunt nibh pulvinar a.                         </li>
</ul>",yes,55,1,,"a:1:{i:0;s:2:""10"";}","a:2:{i:0;s:111:""http://wpdemo.wensolutions.com/initial-site/wp-content/uploads/sites/25/2023/11/burj-al-arab-2624317_1280-1.jpg"";i:1;s:104:""http://wpdemo.wensolutions.com/initial-site/wp-content/uploads/sites/25/2023/11/downtown-4045036_640.jpg"";}",Dubai,,,no,3000,,0,2024-12-03,a:0:{},,"a:2:{s:9:""downloads"";a:0:{}s:15:""email_downloads"";a:0:{}}",,,a:0:{},multiple-price,custom-link,,,,no,no,use_group_size,show_sold_out_msg_only,55,1,Sold Out!,,no,,,no,no,a:0:{},WT-CODE 24,"a:1:{s:5:""items"";a:2:{i:0;a:10:{s:5:""index"";s:1:""0"";s:12:""attachmentid"";s:2:""27"";s:2:""id"";s:2:""27"";s:3:""url"";s:111:""http://wpdemo.wensolutions.com/initial-site/wp-content/uploads/sites/25/2023/11/burj-al-arab-2624317_1280-1.jpg"";s:9:""thumb_url"";s:119:""http://wpdemo.wensolutions.com/initial-site/wp-content/uploads/sites/25/2023/11/burj-al-arab-2624317_1280-1-150x150.jpg"";s:4:""type"";s:10:""image/jpeg"";s:5:""title"";s:27:""burj-al-arab-2624317_1280-1"";s:7:""caption"";s:0:"""";s:6:""chosen"";s:0:"""";s:8:""selected"";s:0:"""";}i:1;a:10:{s:5:""index"";s:1:""1"";s:12:""attachmentid"";s:2:""28"";s:2:""id"";s:2:""28"";s:3:""url"";s:104:""http://wpdemo.wensolutions.com/initial-site/wp-content/uploads/sites/25/2023/11/downtown-4045036_640.jpg"";s:9:""thumb_url"";s:112:""http://wpdemo.wensolutions.com/initial-site/wp-content/uploads/sites/25/2023/11/downtown-4045036_640-150x150.jpg"";s:4:""type"";s:10:""image/jpeg"";s:5:""title"";s:20:""downtown-4045036_640"";s:7:""caption"";s:0:"""";s:6:""chosen"";s:0:"""";s:8:""selected"";s:0:"""";}}}","a:1:{i:0;a:8:{s:2:""id"";i:7;s:5:""title"";s:4:""High"";s:7:""max_pax"";i:55;s:7:""min_pax"";i:1;s:15:""has_group_price"";b:0;s:12:""group_prices"";a:0:{}s:10:""categories"";a:1:{i:0;a:9:{s:2:""id"";i:2;s:9:""price_per"";s:6:""person"";s:13:""regular_price"";s:4:""3000"";s:7:""is_sale"";b:0;s:10:""sale_price"";s:1:""0"";s:15:""has_group_price"";b:0;s:12:""group_prices"";a:0:{}s:11:""default_pax"";s:1:""0"";s:9:""term_info"";a:3:{s:2:""id"";i:2;s:5:""title"";s:5:""Adult"";s:8:""pax_size"";i:1;}}}s:11:""trip_extras"";a:0:{}}}","a:1:{i:0;a:14:{s:2:""id"";i:3;s:5:""title"";s:4:""High"";s:5:""years"";s:10:""every_year"";s:6:""months"";s:11:""every_month"";s:4:""days"";s:0:"""";s:9:""date_days"";s:0:"""";s:10:""start_date"";s:10:""2024-12-03"";s:8:""end_date"";s:10:""2025-01-22"";s:12:""is_recurring"";b:0;s:11:""enable_time"";s:0:"""";s:22:""twentyfour_time_format"";s:0:"""";s:9:""trip_time"";s:0:"""";s:11:""pricing_ids"";s:1:""7"";s:23:""recurring_weekdays_type"";s:0:"""";}}"
Japan-A beautiful country(different prices with trip duration day and night),,,2023/11/20 08:10:53,publish,japan-a-beautiful-country,"a:5:{s:26:""itinerary_pricing_category"";b:0;s:15:""itinerary_types"";a:2:{i:0;O:7:""WP_Term"":10:{s:7:""term_id"";i:4;s:4:""name"";s:20:""Historical Monuments"";s:4:""slug"";s:20:""historical-monuments"";s:10:""term_group"";i:0;s:16:""term_taxonomy_id"";i:4;s:8:""taxonomy"";s:15:""itinerary_types"";s:11:""description"";s:0:"""";s:6:""parent"";i:0;s:5:""count"";i:5;s:6:""filter"";s:3:""raw"";}i:1;O:7:""WP_Term"":10:{s:7:""term_id"";i:6;s:4:""name"";s:10:""Refreshing"";s:4:""slug"";s:10:""refreshing"";s:10:""term_group"";i:0;s:16:""term_taxonomy_id"";i:6;s:8:""taxonomy"";s:15:""itinerary_types"";s:11:""description"";s:0:"""";s:6:""parent"";i:0;s:5:""count"";i:7;s:6:""filter"";s:3:""raw"";}}s:16:""travel_locations"";a:1:{i:0;O:7:""WP_Term"":10:{s:7:""term_id"";i:7;s:4:""name"";s:4:""Asia"";s:4:""slug"";s:4:""asia"";s:10:""term_group"";i:0;s:16:""term_taxonomy_id"";i:7;s:8:""taxonomy"";s:16:""travel_locations"";s:11:""description"";s:0:"""";s:6:""parent"";i:0;s:5:""count"";i:5;s:6:""filter"";s:3:""raw"";}}s:15:""travel_keywords"";b:0;s:8:""activity"";a:2:{i:0;O:7:""WP_Term"":10:{s:7:""term_id"";i:11;s:4:""name"";s:9:""City Tour"";s:4:""slug"";s:9:""city-ride"";s:10:""term_group"";i:0;s:16:""term_taxonomy_id"";i:11;s:8:""taxonomy"";s:8:""activity"";s:11:""description"";s:0:"""";s:6:""parent"";i:0;s:5:""count"";i:7;s:6:""filter"";s:3:""raw"";}i:1;O:7:""WP_Term"":10:{s:7:""term_id"";i:12;s:4:""name"";s:9:""Fireworks"";s:4:""slug"";s:9:""fireworks"";s:10:""term_group"";i:0;s:16:""term_taxonomy_id"";i:12;s:8:""taxonomy"";s:8:""activity"";s:11:""description"";s:0:"""";s:6:""parent"";i:0;s:5:""count"";i:5;s:6:""filter"";s:3:""raw"";}}}",http://wpdemo.wensolutions.com/initial-site/wp-content/uploads/sites/25/2023/11/lanterns-2792988_640.jpg,itineraries,,,no,,"a:8:{s:8:""overview"";a:2:{s:5:""label"";s:8:""Overview"";s:12:""show_in_menu"";b:1;}s:12:""trip_outline"";a:2:{s:5:""label"";s:12:""Trip Outline"";s:12:""show_in_menu"";b:1;}s:13:""trip_includes"";a:2:{s:5:""label"";s:13:""Trip Includes"";s:12:""show_in_menu"";b:1;}s:13:""trip_excludes"";a:2:{s:5:""label"";s:13:""Trip Excludes"";s:12:""show_in_menu"";b:1;}s:7:""gallery"";a:2:{s:5:""label"";s:7:""Gallery"";s:12:""show_in_menu"";b:1;}s:7:""reviews"";a:2:{s:5:""label"";s:7:""Reviews"";s:12:""show_in_menu"";b:1;}s:7:""booking"";a:2:{s:5:""label"";s:7:""Booking"";s:12:""show_in_menu"";b:1;}s:3:""faq"";a:2:{s:5:""label"";s:3:""FAQ"";s:12:""show_in_menu"";b:1;}}","a:2:{i:0;a:5:{s:5:""label"";s:5:""Day 1"";s:5:""title"";s:9:""Your Plan"";s:4:""date"";s:10:""2024-06-19"";s:4:""time"";s:0:"""";s:4:""desc"";s:445:""Lorem ipsum dolor sit amet, consectetur adipiscing elit, sed do eiusmod tempor incididunt ut labore et dolore magna aliqua. Ut enim ad minim veniam, quis nostrud exercitation ullamco laboris nisi ut aliquip ex ea commodo consequat. Duis aute irure dolor in reprehenderit in voluptate velit esse cillum dolore eu fugiat nulla pariatur. Excepteur sint occaecat cupidatat non proident, sunt in culpa qui officia deserunt mollit anim id est laborum."";}i:1;a:5:{s:5:""label"";s:5:""Day 2"";s:5:""title"";s:9:""Your Plan"";s:4:""date"";s:10:""2024-06-20"";s:4:""time"";s:0:"""";s:4:""desc"";s:445:""Lorem ipsum dolor sit amet, consectetur adipiscing elit, sed do eiusmod tempor incididunt ut labore et dolore magna aliqua. Ut enim ad minim veniam, quis nostrud exercitation ullamco laboris nisi ut aliquip ex ea commodo consequat. Duis aute irure dolor in reprehenderit in voluptate velit esse cillum dolore eu fugiat nulla pariatur. Excepteur sint occaecat cupidatat non proident, sunt in culpa qui officia deserunt mollit anim id est laborum."";}}","a:1:{i:0;s:23:""Is Tokyo good to visit?"";}","a:1:{i:0;s:31:""You should visit it definitely."";}","a:1:{i:0;a:4:{s:8:""question"";s:23:""Is Tokyo good to visit?"";s:6:""answer"";s:31:""You should visit it definitely."";s:6:""global"";s:2:""no"";s:13:""global_faq_id"";s:0:"""";}}",4,3,,,"a:3:{s:4:""days"";s:1:""4"";s:6:""nights"";s:1:""3"";s:15:""duration_format"";s:9:""day_night"";}","a:2:{i:0;a:5:{s:5:""label"";s:14:""Transportation"";s:5:""value"";s:3:""Bus"";s:7:""fact_id"";s:1:""0"";s:4:""icon"";s:41:""<i class="""" aria-hidden=""true""></i>
				"";s:4:""type"";s:4:""text"";}i:1;a:5:{s:5:""label"";s:5:""Guide"";s:5:""value"";s:3:""Yes"";s:7:""fact_id"";s:1:""1"";s:4:""icon"";s:0:"""";s:4:""type"";s:4:""text"";}}","<p>Japan is an island country in East Asia, located in the northwest Pacific Ocean. It is bordered on the west by the Sea of Japan, and extends from the Sea of Okhotsk in the north toward the East China Sea and Taiwan in the south.</p>",,"<p>Japan is an island country in East Asia, located in the northwest Pacific Ocean.</p>","<ul>
<li>Pellentesque in ipsum id orci porta dapibus.</li>
<li>Vestibulum ac diam sit</li>
<li>amet quam vehicula elementum</li>
<li>sed sit amet dui. Mauris blandit</li>
<li>aliquet elit, eget tincidunt nibh pulvinar a.                         </li>
</ul>","<ul>
<li>Pellentesque in ipsum id orci porta dapibus.</li>
<li>Vestibulum ac diam sit</li>
<li>amet quam vehicula elementum</li>
<li>sed sit amet dui. Mauris blandit</li>
<li>aliquet elit, eget tincidunt nibh pulvinar a.                       </li>
</ul>",yes,55,1,,"a:1:{i:0;s:2:""10"";}","a:2:{i:0;s:104:""http://wpdemo.wensolutions.com/initial-site/wp-content/uploads/sites/25/2023/11/lanterns-2792988_640.jpg"";i:1;s:111:""http://wpdemo.wensolutions.com/initial-site/wp-content/uploads/sites/25/2023/11/cherry-blossoms-6329828_640.jpg"";}",Japan,,,no,900,1,0,,a:0:{},,"a:2:{s:9:""downloads"";a:0:{}s:15:""email_downloads"";a:0:{}}",,,a:0:{},multiple-price,custom-link,,,,no,no,use_group_size,show_sold_out_msg_only,20,1,Sold Out!,,no,,,no,no,a:0:{},WT-CODE 20,"a:1:{s:5:""items"";a:2:{i:0;a:8:{s:5:""index"";s:1:""0"";s:12:""attachmentid"";s:2:""21"";s:2:""id"";s:2:""21"";s:3:""url"";s:104:""http://wpdemo.wensolutions.com/initial-site/wp-content/uploads/sites/25/2023/11/lanterns-2792988_640.jpg"";s:9:""thumb_url"";s:112:""http://wpdemo.wensolutions.com/initial-site/wp-content/uploads/sites/25/2023/11/lanterns-2792988_640-150x150.jpg"";s:4:""type"";s:10:""image/jpeg"";s:5:""title"";s:20:""lanterns-2792988_640"";s:7:""caption"";s:0:"""";}i:1;a:8:{s:5:""index"";s:1:""1"";s:12:""attachmentid"";s:2:""22"";s:2:""id"";s:2:""22"";s:3:""url"";s:111:""http://wpdemo.wensolutions.com/initial-site/wp-content/uploads/sites/25/2023/11/cherry-blossoms-6329828_640.jpg"";s:9:""thumb_url"";s:119:""http://wpdemo.wensolutions.com/initial-site/wp-content/uploads/sites/25/2023/11/cherry-blossoms-6329828_640-150x150.jpg"";s:4:""type"";s:10:""image/jpeg"";s:5:""title"";s:27:""cherry-blossoms-6329828_640"";s:7:""caption"";s:0:"""";}}}","a:3:{i:0;a:8:{s:2:""id"";i:5;s:5:""title"";s:4:""High"";s:7:""max_pax"";i:35;s:7:""min_pax"";i:1;s:15:""has_group_price"";b:0;s:12:""group_prices"";a:0:{}s:10:""categories"";a:1:{i:0;a:9:{s:2:""id"";i:2;s:9:""price_per"";s:6:""person"";s:13:""regular_price"";s:4:""2500"";s:7:""is_sale"";b:0;s:10:""sale_price"";s:1:""0"";s:15:""has_group_price"";b:0;s:12:""group_prices"";a:0:{}s:11:""default_pax"";s:1:""0"";s:9:""term_info"";a:3:{s:2:""id"";i:2;s:5:""title"";s:5:""Adult"";s:8:""pax_size"";i:1;}}}s:11:""trip_extras"";a:0:{}}i:1;a:8:{s:2:""id"";i:6;s:5:""title"";s:9:""Low Price"";s:7:""max_pax"";i:30;s:7:""min_pax"";i:2;s:15:""has_group_price"";b:0;s:12:""group_prices"";a:0:{}s:10:""categories"";a:1:{i:0;a:9:{s:2:""id"";i:2;s:9:""price_per"";s:6:""person"";s:13:""regular_price"";s:3:""900"";s:7:""is_sale"";b:0;s:10:""sale_price"";s:1:""0"";s:15:""has_group_price"";b:0;s:12:""group_prices"";a:0:{}s:11:""default_pax"";s:1:""0"";s:9:""term_info"";a:3:{s:2:""id"";i:2;s:5:""title"";s:5:""Adult"";s:8:""pax_size"";i:1;}}}s:11:""trip_extras"";a:0:{}}i:2;a:8:{s:2:""id"";i:13;s:5:""title"";s:12:""Normal Price"";s:7:""max_pax"";i:55;s:7:""min_pax"";i:1;s:15:""has_group_price"";b:0;s:12:""group_prices"";a:0:{}s:10:""categories"";a:1:{i:0;a:9:{s:2:""id"";i:2;s:9:""price_per"";s:6:""person"";s:13:""regular_price"";s:4:""1500"";s:7:""is_sale"";b:1;s:10:""sale_price"";s:1:""0"";s:15:""has_group_price"";b:0;s:12:""group_prices"";a:0:{}s:11:""default_pax"";s:1:""0"";s:9:""term_info"";a:3:{s:2:""id"";i:2;s:5:""title"";s:5:""Adult"";s:8:""pax_size"";i:1;}}}s:11:""trip_extras"";a:0:{}}}",a:0:{}
Trip to California(multiple departures),,,2023/11/20 07:56:55,publish,trip-to-california,"a:5:{s:26:""itinerary_pricing_category"";b:0;s:15:""itinerary_types"";a:1:{i:0;O:7:""WP_Term"":10:{s:7:""term_id"";i:6;s:4:""name"";s:10:""Refreshing"";s:4:""slug"";s:10:""refreshing"";s:10:""term_group"";i:0;s:16:""term_taxonomy_id"";i:6;s:8:""taxonomy"";s:15:""itinerary_types"";s:11:""description"";s:0:"""";s:6:""parent"";i:0;s:5:""count"";i:7;s:6:""filter"";s:3:""raw"";}}s:16:""travel_locations"";a:1:{i:0;O:7:""WP_Term"":10:{s:7:""term_id"";i:9;s:4:""name"";s:7:""America"";s:4:""slug"";s:7:""america"";s:10:""term_group"";i:0;s:16:""term_taxonomy_id"";i:9;s:8:""taxonomy"";s:16:""travel_locations"";s:11:""description"";s:0:"""";s:6:""parent"";i:0;s:5:""count"";i:1;s:6:""filter"";s:3:""raw"";}}s:15:""travel_keywords"";b:0;s:8:""activity"";a:2:{i:0;O:7:""WP_Term"":10:{s:7:""term_id"";i:13;s:4:""name"";s:9:""Bike Ride"";s:4:""slug"";s:9:""bike-ride"";s:10:""term_group"";i:0;s:16:""term_taxonomy_id"";i:13;s:8:""taxonomy"";s:8:""activity"";s:11:""description"";s:0:"""";s:6:""parent"";i:0;s:5:""count"";i:5;s:6:""filter"";s:3:""raw"";}i:1;O:7:""WP_Term"":10:{s:7:""term_id"";i:11;s:4:""name"";s:9:""City Tour"";s:4:""slug"";s:9:""city-ride"";s:10:""term_group"";i:0;s:16:""term_taxonomy_id"";i:11;s:8:""taxonomy"";s:8:""activity"";s:11:""description"";s:0:"""";s:6:""parent"";i:0;s:5:""count"";i:7;s:6:""filter"";s:3:""raw"";}}}",http://wpdemo.wensolutions.com/initial-site/wp-content/uploads/sites/25/2023/11/panorama-2154194_1280-1.jpg,itineraries,,,yes,,"a:8:{s:8:""overview"";a:2:{s:5:""label"";s:8:""Overview"";s:12:""show_in_menu"";b:1;}s:12:""trip_outline"";a:2:{s:5:""label"";s:12:""Trip Outline"";s:12:""show_in_menu"";b:1;}s:13:""trip_includes"";a:2:{s:5:""label"";s:13:""Trip Includes"";s:12:""show_in_menu"";b:1;}s:13:""trip_excludes"";a:2:{s:5:""label"";s:13:""Trip Excludes"";s:12:""show_in_menu"";b:1;}s:7:""gallery"";a:2:{s:5:""label"";s:7:""Gallery"";s:12:""show_in_menu"";b:1;}s:7:""reviews"";a:2:{s:5:""label"";s:7:""Reviews"";s:12:""show_in_menu"";b:1;}s:7:""booking"";a:2:{s:5:""label"";s:7:""Booking"";s:12:""show_in_menu"";b:1;}s:3:""faq"";a:2:{s:5:""label"";s:3:""FAQ"";s:12:""show_in_menu"";b:1;}}",a:0:{},"a:2:{i:0;s:30:""Is California safe to travel ?"";i:1;s:54:""Does this trip includes every facilities and services?"";}","a:2:{i:0;s:57:""Well, It is safe and secure to travel California sir/mam."";i:1;s:85:""Well sir/mam, we have enlisted in Trip Includes and Trip Excludes to be more clearer."";}","a:2:{i:0;a:4:{s:8:""question"";s:30:""Is California safe to travel ?"";s:6:""answer"";s:57:""Well, It is safe and secure to travel California sir/mam."";s:6:""global"";s:2:""no"";s:13:""global_faq_id"";s:0:"""";}i:1;a:4:{s:8:""question"";s:54:""Does this trip includes every facilities and services?"";s:6:""answer"";s:85:""Well sir/mam, we have enlisted in Trip Includes and Trip Excludes to be more clearer."";s:6:""global"";s:2:""no"";s:13:""global_faq_id"";s:0:"""";}}",,,,,"a:2:{s:4:""days"";s:0:"""";s:6:""nights"";s:0:"""";}","a:2:{i:0;a:5:{s:5:""label"";s:14:""Transportation"";s:5:""value"";s:3:""Bus"";s:7:""fact_id"";s:1:""0"";s:4:""icon"";s:0:"""";s:4:""type"";s:4:""text"";}i:1;a:5:{s:5:""label"";s:5:""Guide"";s:5:""value"";s:2:""No"";s:7:""fact_id"";s:1:""1"";s:4:""icon"";s:0:"""";s:4:""type"";s:4:""text"";}}","<p>California, with its stunning coastline and vibrant maritime culture, is a popular destination for luxury yachts and boat charters. There are numerous options for experiencing opulent yacht experiences in California. Here are some examples of luxury yachts in the state:</p>
<p><strong>Motor Yachts:</strong> California offers a wide selection of motor yachts, ranging from sleek and contemporary designs to classic and elegant vessels. These luxury motor yachts come equipped with state-of-the-art amenities, spacious cabins, gourmet kitchens, and expansive outdoor decks for lounging and entertaining.</p>
<p><strong>Sailing Yachts:</strong> For those who prefer the grace and elegance of sailing, California offers luxury sailing yachts that combine modern comfort with the thrill of gliding through the Pacific waters. These yachts feature luxurious interiors and offer opportunities for sailing adventures along the California coast.</p>
<p><strong>Superyachts:</strong> California is home to some of the most luxurious superyachts in the world. These magnificent vessels boast lavish interiors, multiple decks, private suites, helipads, swimming pools, and an array of water toys and recreational equipment.</p>",,"<p>California, with its stunning coastline and vibrant maritime culture, is a popular destination for luxury yachts and boat charters.</p>","<p>Musical Party with celebs<br />Beautiful dinner party<br />Special arrangements of welcome drinks and gifts<br />Amenities provided during the trip, like access to facilities of SPA, Gym and Pool<br />Free breakfast, lunch, or dinner options</p>","<p>Expenses of a personal nature, such as shopping, tips, laundry, or alcoholic beverages<br />Specific gear or equipment required for certain activities, such as hiking gear, scuba diving equipment<br />Tips for tour guides, drivers, and service staff</p>",yes,20,2,,"a:1:{i:0;s:2:""10"";}","a:2:{i:0;s:107:""http://wpdemo.wensolutions.com/initial-site/wp-content/uploads/sites/25/2023/11/panorama-2154194_1280-1.jpg"";i:1;s:104:""http://wpdemo.wensolutions.com/initial-site/wp-content/uploads/sites/25/2023/11/beach-2080075_1280-1.jpg"";}",California,,,no,1000,,0,2024-11-05,a:0:{},,"a:2:{s:9:""downloads"";a:0:{}s:15:""email_downloads"";a:0:{}}",,,a:0:{},multiple-price,custom-link,,,,no,no,use_group_size,show_sold_out_msg_only,20,1,Sold Out!,,no,,,no,no,a:0:{},WT-CODE 14,"a:1:{s:5:""items"";a:2:{i:0;a:8:{s:5:""index"";s:1:""0"";s:12:""attachmentid"";s:2:""17"";s:2:""id"";s:2:""17"";s:3:""url"";s:107:""http://wpdemo.wensolutions.com/initial-site/wp-content/uploads/sites/25/2023/11/panorama-2154194_1280-1.jpg"";s:9:""thumb_url"";s:115:""http://wpdemo.wensolutions.com/initial-site/wp-content/uploads/sites/25/2023/11/panorama-2154194_1280-1-150x150.jpg"";s:4:""type"";s:10:""image/jpeg"";s:5:""title"";s:23:""panorama-2154194_1280-1"";s:7:""caption"";s:0:"""";}i:1;a:8:{s:5:""index"";s:1:""1"";s:12:""attachmentid"";s:2:""18"";s:2:""id"";s:2:""18"";s:3:""url"";s:104:""http://wpdemo.wensolutions.com/initial-site/wp-content/uploads/sites/25/2023/11/beach-2080075_1280-1.jpg"";s:9:""thumb_url"";s:112:""http://wpdemo.wensolutions.com/initial-site/wp-content/uploads/sites/25/2023/11/beach-2080075_1280-1-150x150.jpg"";s:4:""type"";s:10:""image/jpeg"";s:5:""title"";s:20:""beach-2080075_1280-1"";s:7:""caption"";s:0:"""";}}}","a:2:{i:0;a:8:{s:2:""id"";i:3;s:5:""title"";s:12:""Normal price"";s:7:""max_pax"";i:20;s:7:""min_pax"";i:2;s:15:""has_group_price"";b:0;s:12:""group_prices"";a:0:{}s:10:""categories"";a:1:{i:0;a:9:{s:2:""id"";i:2;s:9:""price_per"";s:6:""person"";s:13:""regular_price"";s:4:""1000"";s:7:""is_sale"";b:0;s:10:""sale_price"";s:1:""0"";s:15:""has_group_price"";b:0;s:12:""group_prices"";a:0:{}s:11:""default_pax"";s:1:""0"";s:9:""term_info"";a:3:{s:2:""id"";i:2;s:5:""title"";s:5:""Adult"";s:8:""pax_size"";i:1;}}}s:11:""trip_extras"";a:0:{}}i:1;a:8:{s:2:""id"";i:4;s:5:""title"";s:14:""Seasonal price"";s:7:""max_pax"";i:19;s:7:""min_pax"";i:1;s:15:""has_group_price"";b:0;s:12:""group_prices"";a:0:{}s:10:""categories"";a:1:{i:0;a:9:{s:2:""id"";i:2;s:9:""price_per"";s:6:""person"";s:13:""regular_price"";s:4:""2000"";s:7:""is_sale"";b:0;s:10:""sale_price"";s:1:""0"";s:15:""has_group_price"";b:0;s:12:""group_prices"";a:0:{}s:11:""default_pax"";s:1:""0"";s:9:""term_info"";a:3:{s:2:""id"";i:2;s:5:""title"";s:5:""Adult"";s:8:""pax_size"";i:1;}}}s:11:""trip_extras"";a:0:{}}}","a:2:{i:0;a:14:{s:2:""id"";i:1;s:5:""title"";s:6:""Normal"";s:5:""years"";s:10:""every_year"";s:6:""months"";s:11:""every_month"";s:4:""days"";s:0:"""";s:9:""date_days"";s:0:"""";s:10:""start_date"";s:10:""2024-11-05"";s:8:""end_date"";s:10:""2026-10-29"";s:12:""is_recurring"";b:0;s:11:""enable_time"";s:0:"""";s:22:""twentyfour_time_format"";s:0:"""";s:9:""trip_time"";s:0:"""";s:11:""pricing_ids"";s:1:""3"";s:23:""recurring_weekdays_type"";s:0:"""";}i:1;a:14:{s:2:""id"";i:2;s:5:""title"";s:8:""Seasonal"";s:5:""years"";s:10:""every_year"";s:6:""months"";s:11:""every_month"";s:4:""days"";s:0:"""";s:9:""date_days"";s:0:"""";s:10:""start_date"";s:10:""2024-11-12"";s:8:""end_date"";s:10:""2026-01-03"";s:12:""is_recurring"";b:0;s:11:""enable_time"";s:0:"""";s:22:""twentyfour_time_format"";s:0:"""";s:9:""trip_time"";s:0:"""";s:11:""pricing_ids"";s:1:""4"";s:23:""recurring_weekdays_type"";s:0:"""";}}"
Pokhara Tour,,,2023/11/20 06:24:46,publish,pokhara-tour,"a:5:{s:26:""itinerary_pricing_category"";b:0;s:15:""itinerary_types"";a:1:{i:0;O:7:""WP_Term"":10:{s:7:""term_id"";i:6;s:4:""name"";s:10:""Refreshing"";s:4:""slug"";s:10:""refreshing"";s:10:""term_group"";i:0;s:16:""term_taxonomy_id"";i:6;s:8:""taxonomy"";s:15:""itinerary_types"";s:11:""description"";s:0:"""";s:6:""parent"";i:0;s:5:""count"";i:7;s:6:""filter"";s:3:""raw"";}}s:16:""travel_locations"";a:1:{i:0;O:7:""WP_Term"":10:{s:7:""term_id"";i:7;s:4:""name"";s:4:""Asia"";s:4:""slug"";s:4:""asia"";s:10:""term_group"";i:0;s:16:""term_taxonomy_id"";i:7;s:8:""taxonomy"";s:16:""travel_locations"";s:11:""description"";s:0:"""";s:6:""parent"";i:0;s:5:""count"";i:5;s:6:""filter"";s:3:""raw"";}}s:15:""travel_keywords"";a:1:{i:0;O:7:""WP_Term"":10:{s:7:""term_id"";i:16;s:4:""name"";s:8:""Trekking"";s:4:""slug"";s:8:""trekking"";s:10:""term_group"";i:0;s:16:""term_taxonomy_id"";i:16;s:8:""taxonomy"";s:15:""travel_keywords"";s:11:""description"";s:0:"""";s:6:""parent"";i:0;s:5:""count"";i:2;s:6:""filter"";s:3:""raw"";}}s:8:""activity"";a:4:{i:0;O:7:""WP_Term"":10:{s:7:""term_id"";i:13;s:4:""name"";s:9:""Bike Ride"";s:4:""slug"";s:9:""bike-ride"";s:10:""term_group"";i:0;s:16:""term_taxonomy_id"";i:13;s:8:""taxonomy"";s:8:""activity"";s:11:""description"";s:0:"""";s:6:""parent"";i:0;s:5:""count"";i:5;s:6:""filter"";s:3:""raw"";}i:1;O:7:""WP_Term"":10:{s:7:""term_id"";i:11;s:4:""name"";s:9:""City Tour"";s:4:""slug"";s:9:""city-ride"";s:10:""term_group"";i:0;s:16:""term_taxonomy_id"";i:11;s:8:""taxonomy"";s:8:""activity"";s:11:""description"";s:0:"""";s:6:""parent"";i:0;s:5:""count"";i:7;s:6:""filter"";s:3:""raw"";}i:2;O:7:""WP_Term"":10:{s:7:""term_id"";i:12;s:4:""name"";s:9:""Fireworks"";s:4:""slug"";s:9:""fireworks"";s:10:""term_group"";i:0;s:16:""term_taxonomy_id"";i:12;s:8:""taxonomy"";s:8:""activity"";s:11:""description"";s:0:"""";s:6:""parent"";i:0;s:5:""count"";i:5;s:6:""filter"";s:3:""raw"";}i:3;O:7:""WP_Term"":10:{s:7:""term_id"";i:10;s:4:""name"";s:6:""Hiking"";s:4:""slug"";s:6:""hiking"";s:10:""term_group"";i:0;s:16:""term_taxonomy_id"";i:10;s:8:""taxonomy"";s:8:""activity"";s:11:""description"";s:0:"""";s:6:""parent"";i:0;s:5:""count"";i:3;s:6:""filter"";s:3:""raw"";}}}",http://wpdemo.wensolutions.com/initial-site/wp-content/uploads/sites/25/2023/11/53693064-scaled.jpg,itineraries,,,no,,"a:8:{s:8:""overview"";a:2:{s:5:""label"";s:8:""Overview"";s:12:""show_in_menu"";b:1;}s:12:""trip_outline"";a:2:{s:5:""label"";s:12:""Trip Outline"";s:12:""show_in_menu"";b:1;}s:13:""trip_includes"";a:2:{s:5:""label"";s:13:""Trip Includes"";s:12:""show_in_menu"";b:1;}s:13:""trip_excludes"";a:2:{s:5:""label"";s:13:""Trip Excludes"";s:12:""show_in_menu"";b:1;}s:7:""gallery"";a:2:{s:5:""label"";s:7:""Gallery"";s:12:""show_in_menu"";b:1;}s:7:""reviews"";a:2:{s:5:""label"";s:7:""Reviews"";s:12:""show_in_menu"";b:1;}s:7:""booking"";a:2:{s:5:""label"";s:7:""Booking"";s:12:""show_in_menu"";b:1;}s:3:""faq"";a:2:{s:5:""label"";s:3:""FAQ"";s:12:""show_in_menu"";b:1;}}","a:2:{i:0;a:5:{s:5:""label"";s:5:""Day 1"";s:5:""title"";s:8:""Trekking"";s:4:""date"";s:10:""2023-12-12"";s:4:""time"";s:0:"""";s:4:""desc"";s:445:""Lorem ipsum dolor sit amet, consectetur adipiscing elit, sed do eiusmod tempor incididunt ut labore et dolore magna aliqua. Ut enim ad minim veniam, quis nostrud exercitation ullamco laboris nisi ut aliquip ex ea commodo consequat. Duis aute irure dolor in reprehenderit in voluptate velit esse cillum dolore eu fugiat nulla pariatur. Excepteur sint occaecat cupidatat non proident, sunt in culpa qui officia deserunt mollit anim id est laborum."";}i:1;a:5:{s:5:""label"";s:5:""Day 2"";s:5:""title"";s:12:""Sight seeing"";s:4:""date"";s:10:""2023-12-13"";s:4:""time"";s:0:"""";s:4:""desc"";s:445:""Lorem ipsum dolor sit amet, consectetur adipiscing elit, sed do eiusmod tempor incididunt ut labore et dolore magna aliqua. Ut enim ad minim veniam, quis nostrud exercitation ullamco laboris nisi ut aliquip ex ea commodo consequat. Duis aute irure dolor in reprehenderit in voluptate velit esse cillum dolore eu fugiat nulla pariatur. Excepteur sint occaecat cupidatat non proident, sunt in culpa qui officia deserunt mollit anim id est laborum."";}}","a:4:{i:0;s:21:""Is Pokhara beautiful?"";i:1;s:27:""Why do people travel there?"";i:2;s:26:""Is it cold during winters?"";i:3;s:12:""Why Pokhara?"";}","a:4:{i:0;s:21:""Yes, it is beautiful."";i:1;s:445:""Lorem ipsum dolor sit amet, consectetur adipiscing elit, sed do eiusmod tempor incididunt ut labore et dolore magna aliqua. Ut enim ad minim veniam, quis nostrud exercitation ullamco laboris nisi ut aliquip ex ea commodo consequat. Duis aute irure dolor in reprehenderit in voluptate velit esse cillum dolore eu fugiat nulla pariatur. Excepteur sint occaecat cupidatat non proident, sunt in culpa qui officia deserunt mollit anim id est laborum."";i:2;s:445:""Lorem ipsum dolor sit amet, consectetur adipiscing elit, sed do eiusmod tempor incididunt ut labore et dolore magna aliqua. Ut enim ad minim veniam, quis nostrud exercitation ullamco laboris nisi ut aliquip ex ea commodo consequat. Duis aute irure dolor in reprehenderit in voluptate velit esse cillum dolore eu fugiat nulla pariatur. Excepteur sint occaecat cupidatat non proident, sunt in culpa qui officia deserunt mollit anim id est laborum."";i:3;s:445:""Lorem ipsum dolor sit amet, consectetur adipiscing elit, sed do eiusmod tempor incididunt ut labore et dolore magna aliqua. Ut enim ad minim veniam, quis nostrud exercitation ullamco laboris nisi ut aliquip ex ea commodo consequat. Duis aute irure dolor in reprehenderit in voluptate velit esse cillum dolore eu fugiat nulla pariatur. Excepteur sint occaecat cupidatat non proident, sunt in culpa qui officia deserunt mollit anim id est laborum."";}","a:4:{i:0;a:4:{s:8:""question"";s:21:""Is Pokhara beautiful?"";s:6:""answer"";s:21:""Yes, it is beautiful."";s:6:""global"";s:2:""no"";s:13:""global_faq_id"";s:0:"""";}i:1;a:4:{s:8:""question"";s:27:""Why do people travel there?"";s:6:""answer"";s:445:""Lorem ipsum dolor sit amet, consectetur adipiscing elit, sed do eiusmod tempor incididunt ut labore et dolore magna aliqua. Ut enim ad minim veniam, quis nostrud exercitation ullamco laboris nisi ut aliquip ex ea commodo consequat. Duis aute irure dolor in reprehenderit in voluptate velit esse cillum dolore eu fugiat nulla pariatur. Excepteur sint occaecat cupidatat non proident, sunt in culpa qui officia deserunt mollit anim id est laborum."";s:6:""global"";s:2:""no"";s:13:""global_faq_id"";s:0:"""";}i:2;a:4:{s:8:""question"";s:26:""Is it cold during winters?"";s:6:""answer"";s:445:""Lorem ipsum dolor sit amet, consectetur adipiscing elit, sed do eiusmod tempor incididunt ut labore et dolore magna aliqua. Ut enim ad minim veniam, quis nostrud exercitation ullamco laboris nisi ut aliquip ex ea commodo consequat. Duis aute irure dolor in reprehenderit in voluptate velit esse cillum dolore eu fugiat nulla pariatur. Excepteur sint occaecat cupidatat non proident, sunt in culpa qui officia deserunt mollit anim id est laborum."";s:6:""global"";s:2:""no"";s:13:""global_faq_id"";s:0:"""";}i:3;a:4:{s:8:""question"";s:12:""Why Pokhara?"";s:6:""answer"";s:445:""Lorem ipsum dolor sit amet, consectetur adipiscing elit, sed do eiusmod tempor incididunt ut labore et dolore magna aliqua. Ut enim ad minim veniam, quis nostrud exercitation ullamco laboris nisi ut aliquip ex ea commodo consequat. Duis aute irure dolor in reprehenderit in voluptate velit esse cillum dolore eu fugiat nulla pariatur. Excepteur sint occaecat cupidatat non proident, sunt in culpa qui officia deserunt mollit anim id est laborum."";s:6:""global"";s:2:""no"";s:13:""global_faq_id"";s:0:"""";}}",4,3,,,"a:2:{s:4:""days"";s:1:""4"";s:6:""nights"";s:1:""3"";}","a:2:{i:0;a:5:{s:5:""label"";s:14:""Transportation"";s:5:""value"";s:3:""Bus"";s:7:""fact_id"";s:1:""0"";s:4:""icon"";s:41:""<i class="""" aria-hidden=""true""></i>
				"";s:4:""type"";s:4:""text"";}i:1;a:5:{s:5:""label"";s:5:""Guide"";s:5:""value"";s:3:""Yes"";s:7:""fact_id"";s:1:""1"";s:4:""icon"";s:0:"""";s:4:""type"";s:4:""text"";}}","<p>The Pokhara is best known for <b>the stunning view of the Annapurna range</b>. It is perhaps one of the few places on earth from where mountains above 6,000 m can be seen unobstructed from an altitude of 800 m within the distance of 28 km.Pokhara (Nepal) is a place with a <b>hot climate</b>. The day temperatures range from 17 °C (63 °F) in January to 30 °C (85 °F) in May. The driest month is November with just 1 day of rain, on the contrary, the month when it rains the most is July with 21 days of rain.</p>",,"<p>Pokhara (Nepal) is a place with a <b>hot climate</b>. The day temperatures range from 17 °C (63 °F) in January to 30 °C (85 °F) in May. The driest month is November with just 1 day of rain, on the contrary, the month when it rains the most is July with 21 days of rain.</p>","<ul>
<li>Pellentesque in ipsum id orci porta dapibus.</li>
<li>Vestibulum ac diam sit</li>
<li>amet quam vehicula elementum</li>
<li>sed sit amet dui. Mauris blandit</li>
<li>aliquet elit, eget tincidunt nibh pulvinar a. </li>
</ul>","<ul>
<li>Pellentesque in ipsum id orci porta dapibus.</li>
<li>Vestibulum ac diam sit</li>
<li>amet quam vehicula elementum</li>
<li>sed sit amet dui. Mauris blandit</li>
<li>aliquet elit, eget tincidunt nibh pulvinar a.                       </li>
</ul>",yes,8,1,,"a:1:{i:0;s:2:""10"";}","a:1:{i:0;s:99:""http://wpdemo.wensolutions.com/initial-site/wp-content/uploads/sites/25/2023/11/53693064-scaled.jpg"";}",Pokhara,,,no,150,,0,,a:0:{},,"a:2:{s:9:""downloads"";a:0:{}s:15:""email_downloads"";a:0:{}}",,,a:0:{},multiple-price,custom-link,,,,no,no,use_group_size,show_sold_out_msg_only,8,1,Sold Out!,,no,,,no,no,a:0:{},WT-CODE 09,"a:1:{s:5:""items"";a:1:{i:0;a:8:{s:5:""index"";s:1:""0"";s:12:""attachmentid"";s:2:""10"";s:2:""id"";s:2:""10"";s:3:""url"";s:99:""http://wpdemo.wensolutions.com/initial-site/wp-content/uploads/sites/25/2023/11/53693064-scaled.jpg"";s:9:""thumb_url"";s:100:""http://wpdemo.wensolutions.com/initial-site/wp-content/uploads/sites/25/2023/11/53693064-150x150.jpg"";s:4:""type"";s:10:""image/jpeg"";s:5:""title"";s:8:""53693064"";s:7:""caption"";s:0:"""";}}}","a:1:{i:0;a:8:{s:2:""id"";i:2;s:5:""title"";s:6:""normal"";s:7:""max_pax"";i:8;s:7:""min_pax"";i:1;s:15:""has_group_price"";b:0;s:12:""group_prices"";a:0:{}s:10:""categories"";a:1:{i:0;a:9:{s:2:""id"";i:2;s:9:""price_per"";s:6:""person"";s:13:""regular_price"";s:3:""150"";s:7:""is_sale"";b:0;s:10:""sale_price"";s:1:""0"";s:15:""has_group_price"";b:0;s:12:""group_prices"";a:0:{}s:11:""default_pax"";s:1:""0"";s:9:""term_info"";a:3:{s:2:""id"";i:2;s:5:""title"";s:5:""Adult"";s:8:""pax_size"";i:1;}}}s:11:""trip_extras"";a:0:{}}}",a:0:{}
Langtang Valley,,,2023/11/20 06:22:39,publish,langtang-valley,"a:5:{s:26:""itinerary_pricing_category"";b:0;s:15:""itinerary_types"";a:1:{i:0;O:7:""WP_Term"":10:{s:7:""term_id"";i:6;s:4:""name"";s:10:""Refreshing"";s:4:""slug"";s:10:""refreshing"";s:10:""term_group"";i:0;s:16:""term_taxonomy_id"";i:6;s:8:""taxonomy"";s:15:""itinerary_types"";s:11:""description"";s:0:"""";s:6:""parent"";i:0;s:5:""count"";i:7;s:6:""filter"";s:3:""raw"";}}s:16:""travel_locations"";a:1:{i:0;O:7:""WP_Term"":10:{s:7:""term_id"";i:7;s:4:""name"";s:4:""Asia"";s:4:""slug"";s:4:""asia"";s:10:""term_group"";i:0;s:16:""term_taxonomy_id"";i:7;s:8:""taxonomy"";s:16:""travel_locations"";s:11:""description"";s:0:"""";s:6:""parent"";i:0;s:5:""count"";i:5;s:6:""filter"";s:3:""raw"";}}s:15:""travel_keywords"";a:2:{i:0;O:7:""WP_Term"":10:{s:7:""term_id"";i:15;s:4:""name"";s:6:""Nature"";s:4:""slug"";s:6:""nature"";s:10:""term_group"";i:0;s:16:""term_taxonomy_id"";i:15;s:8:""taxonomy"";s:15:""travel_keywords"";s:11:""description"";s:0:"""";s:6:""parent"";i:0;s:5:""count"";i:4;s:6:""filter"";s:3:""raw"";}i:1;O:7:""WP_Term"":10:{s:7:""term_id"";i:16;s:4:""name"";s:8:""Trekking"";s:4:""slug"";s:8:""trekking"";s:10:""term_group"";i:0;s:16:""term_taxonomy_id"";i:16;s:8:""taxonomy"";s:15:""travel_keywords"";s:11:""description"";s:0:"""";s:6:""parent"";i:0;s:5:""count"";i:2;s:6:""filter"";s:3:""raw"";}}s:8:""activity"";a:1:{i:0;O:7:""WP_Term"":10:{s:7:""term_id"";i:10;s:4:""name"";s:6:""Hiking"";s:4:""slug"";s:6:""hiking"";s:10:""term_group"";i:0;s:16:""term_taxonomy_id"";i:10;s:8:""taxonomy"";s:8:""activity"";s:11:""description"";s:0:"""";s:6:""parent"";i:0;s:5:""count"";i:3;s:6:""filter"";s:3:""raw"";}}}",http://wpdemo.wensolutions.com/initial-site/wp-content/uploads/sites/25/2023/11/langtang-guidebook-cover-.webp,itineraries,,,yes,,"a:8:{s:8:""overview"";a:2:{s:5:""label"";s:8:""Overview"";s:12:""show_in_menu"";b:1;}s:12:""trip_outline"";a:2:{s:5:""label"";s:12:""Trip Outline"";s:12:""show_in_menu"";b:1;}s:13:""trip_includes"";a:2:{s:5:""label"";s:13:""Trip Includes"";s:12:""show_in_menu"";b:1;}s:13:""trip_excludes"";a:2:{s:5:""label"";s:13:""Trip Excludes"";s:12:""show_in_menu"";b:1;}s:7:""gallery"";a:2:{s:5:""label"";s:7:""Gallery"";s:12:""show_in_menu"";b:1;}s:7:""reviews"";a:2:{s:5:""label"";s:7:""Reviews"";s:12:""show_in_menu"";b:1;}s:7:""booking"";a:2:{s:5:""label"";s:7:""Booking"";s:12:""show_in_menu"";b:1;}s:3:""faq"";a:2:{s:5:""label"";s:3:""FAQ"";s:12:""show_in_menu"";b:1;}}","a:1:{i:0;a:5:{s:5:""label"";s:5:""Day 1"";s:5:""title"";s:9:""Your Plan"";s:4:""date"";s:10:""2024-11-13"";s:4:""time"";s:0:"""";s:4:""desc"";s:445:""Lorem ipsum dolor sit amet, consectetur adipiscing elit, sed do eiusmod tempor incididunt ut labore et dolore magna aliqua. Ut enim ad minim veniam, quis nostrud exercitation ullamco laboris nisi ut aliquip ex ea commodo consequat. Duis aute irure dolor in reprehenderit in voluptate velit esse cillum dolore eu fugiat nulla pariatur. Excepteur sint occaecat cupidatat non proident, sunt in culpa qui officia deserunt mollit anim id est laborum."";}}","a:3:{i:0;s:29:""Is langtang a place to visit?"";i:1;s:16:""Is it beautiful?"";i:2;s:26:""Is it cold during winters?"";}","a:3:{i:0;s:445:""Lorem ipsum dolor sit amet, consectetur adipiscing elit, sed do eiusmod tempor incididunt ut labore et dolore magna aliqua. Ut enim ad minim veniam, quis nostrud exercitation ullamco laboris nisi ut aliquip ex ea commodo consequat. Duis aute irure dolor in reprehenderit in voluptate velit esse cillum dolore eu fugiat nulla pariatur. Excepteur sint occaecat cupidatat non proident, sunt in culpa qui officia deserunt mollit anim id est laborum."";i:1;s:445:""Lorem ipsum dolor sit amet, consectetur adipiscing elit, sed do eiusmod tempor incididunt ut labore et dolore magna aliqua. Ut enim ad minim veniam, quis nostrud exercitation ullamco laboris nisi ut aliquip ex ea commodo consequat. Duis aute irure dolor in reprehenderit in voluptate velit esse cillum dolore eu fugiat nulla pariatur. Excepteur sint occaecat cupidatat non proident, sunt in culpa qui officia deserunt mollit anim id est laborum."";i:2;s:445:""Lorem ipsum dolor sit amet, consectetur adipiscing elit, sed do eiusmod tempor incididunt ut labore et dolore magna aliqua. Ut enim ad minim veniam, quis nostrud exercitation ullamco laboris nisi ut aliquip ex ea commodo consequat. Duis aute irure dolor in reprehenderit in voluptate velit esse cillum dolore eu fugiat nulla pariatur. Excepteur sint occaecat cupidatat non proident, sunt in culpa qui officia deserunt mollit anim id est laborum."";}","a:3:{i:0;a:4:{s:8:""question"";s:29:""Is langtang a place to visit?"";s:6:""answer"";s:445:""Lorem ipsum dolor sit amet, consectetur adipiscing elit, sed do eiusmod tempor incididunt ut labore et dolore magna aliqua. Ut enim ad minim veniam, quis nostrud exercitation ullamco laboris nisi ut aliquip ex ea commodo consequat. Duis aute irure dolor in reprehenderit in voluptate velit esse cillum dolore eu fugiat nulla pariatur. Excepteur sint occaecat cupidatat non proident, sunt in culpa qui officia deserunt mollit anim id est laborum."";s:6:""global"";s:2:""no"";s:13:""global_faq_id"";s:0:"""";}i:1;a:4:{s:8:""question"";s:16:""Is it beautiful?"";s:6:""answer"";s:445:""Lorem ipsum dolor sit amet, consectetur adipiscing elit, sed do eiusmod tempor incididunt ut labore et dolore magna aliqua. Ut enim ad minim veniam, quis nostrud exercitation ullamco laboris nisi ut aliquip ex ea commodo consequat. Duis aute irure dolor in reprehenderit in voluptate velit esse cillum dolore eu fugiat nulla pariatur. Excepteur sint occaecat cupidatat non proident, sunt in culpa qui officia deserunt mollit anim id est laborum."";s:6:""global"";s:2:""no"";s:13:""global_faq_id"";s:0:"""";}i:2;a:4:{s:8:""question"";s:26:""Is it cold during winters?"";s:6:""answer"";s:445:""Lorem ipsum dolor sit amet, consectetur adipiscing elit, sed do eiusmod tempor incididunt ut labore et dolore magna aliqua. Ut enim ad minim veniam, quis nostrud exercitation ullamco laboris nisi ut aliquip ex ea commodo consequat. Duis aute irure dolor in reprehenderit in voluptate velit esse cillum dolore eu fugiat nulla pariatur. Excepteur sint occaecat cupidatat non proident, sunt in culpa qui officia deserunt mollit anim id est laborum."";s:6:""global"";s:2:""no"";s:13:""global_faq_id"";s:0:"""";}}",,,,,"a:2:{s:4:""days"";s:0:"""";s:6:""nights"";s:0:"""";}","a:1:{i:0;a:5:{s:5:""label"";s:5:""Guide"";s:5:""value"";s:3:""Yes"";s:7:""fact_id"";s:1:""1"";s:4:""icon"";s:0:"""";s:4:""type"";s:4:""text"";}}","<p>Lorem ipsum dolor sit amet, consectetur adipiscing elit, sed do eiusmod tempor incididunt ut labore et dolore magna aliqua. Ut enim ad minim veniam, quis nostrud exercitation ullamco laboris nisi ut aliquip ex ea commodo consequat. Duis aute irure dolor in reprehenderit in voluptate velit esse cillum dolore eu fugiat nulla pariatur. Excepteur sint occaecat cupidatat non proident, sunt in culpa qui officia deserunt mollit anim id est laborum.</p>",,"<p>Lorem ipsum dolor sit amet, consectetur adipiscing elit, sed do eiusmod tempor incididunt ut labore et dolore magna aliqua. Ut enim ad minim veniam, quis nostrud exercitation ullamco laboris nisi ut aliquip ex ea commodo consequat. Duis aute irure dolor in reprehenderit in voluptate velit esse cillum dolore eu fugiat nulla pariatur. Excepteur sint occaecat cupidatat non proident, sunt in culpa qui officia deserunt mollit anim id est laborum.</p>","<ul class=""strengths"">
<li>Closest trek to the Kathmandu Valley</li>
<li>Breathtaking views of Ganjala Range, Dorje Lakpa Range and Khemjung Glacier</li>
<li>Lodge-based accommodation</li>
</ul>","<ul>
<li>Pellentesque in ipsum id orci porta dapibus.</li>
<li>Vestibulum ac diam sit</li>
<li>amet quam vehicula elementum</li>
<li>sed sit amet dui. Mauris blandit</li>
<li>aliquet elit, eget tincidunt nibh pulvinar a.                     </li>
</ul>",yes,8,1,,"a:1:{i:0;s:2:""10"";}","a:3:{i:0;s:110:""http://wpdemo.wensolutions.com/initial-site/wp-content/uploads/sites/25/2023/11/langtang-guidebook-cover-.webp"";i:1;s:107:""http://wpdemo.wensolutions.com/initial-site/wp-content/uploads/sites/25/2023/11/mountains-6263195_640-1.jpg"";i:2;s:107:""http://wpdemo.wensolutions.com/initial-site/wp-content/uploads/sites/25/2023/11/buddhist-6269203_1280-1.jpg"";}",Langtang,,,no,200,,0,2024-11-13,a:0:{},,"a:2:{s:9:""downloads"";a:0:{}s:15:""email_downloads"";a:0:{}}",,,a:0:{},multiple-price,custom-link,,,,no,no,use_group_size,show_sold_out_msg_only,8,1,Sold Out!,,no,,,no,no,a:0:{},WT-CODE 06,"a:1:{s:5:""items"";a:3:{i:0;a:8:{s:5:""index"";s:1:""0"";s:12:""attachmentid"";s:1:""7"";s:2:""id"";s:1:""7"";s:3:""url"";s:110:""http://wpdemo.wensolutions.com/initial-site/wp-content/uploads/sites/25/2023/11/langtang-guidebook-cover-.webp"";s:9:""thumb_url"";s:118:""http://wpdemo.wensolutions.com/initial-site/wp-content/uploads/sites/25/2023/11/langtang-guidebook-cover--150x150.webp"";s:4:""type"";s:10:""image/webp"";s:5:""title"";s:25:""langtang-guidebook-cover-"";s:7:""caption"";s:0:"""";}i:1;a:8:{s:5:""index"";s:1:""1"";s:12:""attachmentid"";s:2:""45"";s:2:""id"";s:2:""45"";s:3:""url"";s:107:""http://wpdemo.wensolutions.com/initial-site/wp-content/uploads/sites/25/2023/11/mountains-6263195_640-1.jpg"";s:9:""thumb_url"";s:115:""http://wpdemo.wensolutions.com/initial-site/wp-content/uploads/sites/25/2023/11/mountains-6263195_640-1-150x150.jpg"";s:4:""type"";s:10:""image/jpeg"";s:5:""title"";s:23:""mountains-6263195_640-1"";s:7:""caption"";s:0:"""";}i:2;a:8:{s:5:""index"";s:1:""2"";s:12:""attachmentid"";s:2:""46"";s:2:""id"";s:2:""46"";s:3:""url"";s:107:""http://wpdemo.wensolutions.com/initial-site/wp-content/uploads/sites/25/2023/11/buddhist-6269203_1280-1.jpg"";s:9:""thumb_url"";s:115:""http://wpdemo.wensolutions.com/initial-site/wp-content/uploads/sites/25/2023/11/buddhist-6269203_1280-1-150x150.jpg"";s:4:""type"";s:10:""image/jpeg"";s:5:""title"";s:23:""buddhist-6269203_1280-1"";s:7:""caption"";s:0:"""";}}}","a:1:{i:0;a:8:{s:2:""id"";i:1;s:5:""title"";s:6:""Normal"";s:7:""max_pax"";i:8;s:7:""min_pax"";i:1;s:15:""has_group_price"";b:0;s:12:""group_prices"";a:0:{}s:10:""categories"";a:1:{i:0;a:9:{s:2:""id"";i:2;s:9:""price_per"";s:6:""person"";s:13:""regular_price"";s:3:""200"";s:7:""is_sale"";b:0;s:10:""sale_price"";s:1:""0"";s:15:""has_group_price"";b:0;s:12:""group_prices"";a:0:{}s:11:""default_pax"";s:1:""0"";s:9:""term_info"";a:3:{s:2:""id"";i:2;s:5:""title"";s:5:""Adult"";s:8:""pax_size"";i:1;}}}s:11:""trip_extras"";a:0:{}}}","a:1:{i:0;a:14:{s:2:""id"";i:5;s:5:""title"";s:0:"""";s:5:""years"";s:10:""every_year"";s:6:""months"";s:11:""every_month"";s:4:""days"";s:0:"""";s:9:""date_days"";s:0:"""";s:10:""start_date"";s:10:""2024-11-13"";s:8:""end_date"";s:10:""2026-01-15"";s:12:""is_recurring"";b:0;s:11:""enable_time"";s:0:"""";s:22:""twentyfour_time_format"";s:0:"""";s:9:""trip_time"";s:0:"""";s:11:""pricing_ids"";s:1:""1"";s:23:""recurring_weekdays_type"";s:0:"""";}}"
Breathtaking Sunset View!!!!,"Lorem ipsum dolor sit amet, consectetur adipiscing elit, sed do eiusmod tempor incididunt ut labore et dolore magna aliqua. Ut enim ad minim veniam, quis nostrud exercitation ullamco laboris nisi ut aliquip ex ea commodo consequat.",,,publish,,,http://wpdemo.wensolutions.com/initial-site/wp-content/uploads/sites/25/2023/11/gyeongbok-palace-5771324_640-1.jpg,,,,,,,,,,,,,,,,,,,,,,,,,,,,,,,,,,,,,,,,,,,,,,,,,,,,,,,,,,,,,,,,
Let's Explore the World!!,"Lorem ipsum dolor sit amet, consectetur adipiscing elit, sed do eiusmod tempor incididunt ut labore et dolore magna aliqua. Ut enim ad minim veniam, quis nostrud exercitation ullamco laboris nisi ut aliquip ex ea commodo consequat.",,,publish,,,http://wpdemo.wensolutions.com/initial-site/wp-content/uploads/sites/25/2023/11/train-62849_1280.jpg,,,,,,,,,,,,,,,,,,,,,,,,,,,,,,,,,,,,,,,,,,,,,,,,,,,,,,,,,,,,,,,,
Turkey - Let's go and enjoy,"Lorem ipsum dolor sit amet, consectetur adipiscing elit, sed do eiusmod tempor incididunt ut labore et dolore magna aliqua. Ut enim ad minim veniam, quis nostrud exercitation ullamco laboris nisi ut aliquip ex ea commodo consequat.",,,publish,,,http://wpdemo.wensolutions.com/initial-site/wp-content/uploads/sites/25/2023/11/istanbul-2430072_640.jpg,,,,,,,,,,,,,,,,,,,,,,,,,,,,,,,,,,,,,,,,,,,,,,,,,,,,,,,,,,,,,,,,